Day_of_Week_and_Hour,cluster,Lat,Lon,Day_of_Month,Week_Number,Hour,nb_pickups
Tuesday_0_hrs,9,40.7404,-73.99993333333333,5.666666666666667,14.666666666666666,0.0,3
Tuesday_0_hrs,10,40.7648,-73.98803333333333,12.666666666666666,15.666666666666666,0.0,3
Tuesday_1_hrs,9,40.74209999999999,-73.9925,15.0,16.0,1.0,2
Tuesday_4_hrs,13,40.79025,-73.9598,8.0,15.0,4.0,2
Tuesday_4_hrs,1,40.723200000000006,-74.0031,4.5,14.5,4.0,2
Tuesday_5_hrs,1,40.7244,-73.9842,22.0,17.0,5.0,6
Tuesday_5_hrs,13,40.780483333333336,-73.95615,16.166666666666668,16.166666666666668,5.0,6
Tuesday_6_hrs,10,40.76837777777777,-73.98792222222222,15.0,16.0,6.0,9
Tuesday_6_hrs,19,40.71414285714286,-74.01362142857144,12.5,15.642857142857142,6.0,14
Tuesday_6_hrs,9,40.7410875,-73.9947375,12.375,15.625,6.0,16
Tuesday_6_hrs,16,40.676325,-73.975525,2.75,14.25,6.0,4
Tuesday_6_hrs,13,40.7787,-73.9655294117647,11.294117647058824,15.470588235294118,6.0,17
Tuesday_6_hrs,1,40.72935714285715,-73.98891428571429,15.0,16.0,6.0,7
Tuesday_7_hrs,9,40.74077333333333,-74.00036666666666,12.2,15.6,7.0,15
Tuesday_7_hrs,13,40.780161904761904,-73.95687142857143,12.666666666666666,15.666666666666666,7.0,21
Tuesday_7_hrs,1,40.72653043478261,-73.9920347826087,18.956521739130434,16.565217391304348,7.0,23
Tuesday_7_hrs,7,40.712450000000004,-73.9537,8.0,15.0,7.0,2
Tuesday_7_hrs,0,40.75666,-73.97398,10.8,15.4,7.0,10
Tuesday_8_hrs,19,40.7208,-74.00942500000001,9.75,15.25,8.0,4
Tuesday_8_hrs,0,40.75786,-73.97141,15.0,16.0,8.0,10
Tuesday_8_hrs,10,40.766666666666666,-73.98766666666667,18.88888888888889,16.555555555555557,8.0,9
Tuesday_8_hrs,13,40.775007692307696,-73.96122307692308,15.0,16.0,8.0,13
Tuesday_8_hrs,4,40.649249999999995,-73.9783,11.5,15.5,8.0,2
Tuesday_8_hrs,7,40.7199,-73.94940000000001,12.666666666666666,15.666666666666666,8.0,3
Tuesday_8_hrs,20,40.686099999999996,-73.94284999999999,11.5,15.5,8.0,2
Tuesday_8_hrs,1,40.726080952380954,-73.9928,19.666666666666668,16.666666666666668,8.0,21
Tuesday_9_hrs,0,40.75297142857143,-73.96697142857144,11.0,15.428571428571429,9.0,7
Tuesday_9_hrs,16,40.692325,-73.976275,11.5,15.5,9.0,4
Tuesday_9_hrs,1,40.72527692307692,-73.9919923076923,16.076923076923077,16.153846153846153,9.0,13
Tuesday_9_hrs,6,40.77276666666666,-73.87503333333332,15.0,16.0,9.0,3
Tuesday_9_hrs,10,40.76724,-73.98447999999999,17.8,16.4,9.0,5
Tuesday_9_hrs,9,40.74142857142857,-73.99725714285715,6.0,14.714285714285714,9.0,7
Tuesday_9_hrs,13,40.77556666666667,-73.9586,16.166666666666668,16.166666666666668,9.0,6
Tuesday_9_hrs,19,40.718133333333334,-74.0124,10.333333333333334,15.333333333333334,9.0,3
Tuesday_10_hrs,9,40.73983333333334,-73.99424444444445,7.222222222222222,14.88888888888889,10.0,9
Tuesday_10_hrs,13,40.77621818181819,-73.96727272727273,15.636363636363637,16.09090909090909,10.0,11
Tuesday_10_hrs,19,40.7193,-74.00995,8.0,15.0,10.0,2
Tuesday_11_hrs,13,40.78238,-73.96676,6.6,14.8,11.0,5
Tuesday_11_hrs,1,40.722325,-73.9906125,14.125,15.875,11.0,8
Tuesday_11_hrs,19,40.7145,-74.00815,8.0,15.0,11.0,4
Tuesday_11_hrs,9,40.74208,-73.99868000000001,15.0,16.0,11.0,10
Tuesday_11_hrs,0,40.75703,-73.9717,17.1,16.3,11.0,10
Tuesday_11_hrs,10,40.762299999999996,-73.98830000000001,11.5,15.5,11.0,4
Tuesday_12_hrs,13,40.7744125,-73.95785000000001,11.5,15.5,12.0,8
Tuesday_12_hrs,10,40.766149999999996,-73.9856,1.0,14.0,12.0,2
Tuesday_12_hrs,6,40.757733333333334,-73.86193333333334,15.0,16.0,12.0,3
Tuesday_12_hrs,9,40.7425,-73.99125,12.666666666666666,15.666666666666666,12.0,6
Tuesday_12_hrs,12,40.836200000000005,-73.9428,8.0,15.0,12.0,2
Tuesday_12_hrs,1,40.7257,-73.98977500000001,15.875,16.125,12.0,8
Tuesday_12_hrs,16,40.6822,-73.96825,4.5,14.5,12.0,2
Tuesday_13_hrs,12,40.802033333333334,-73.94096666666667,19.666666666666668,16.666666666666668,13.0,3
Tuesday_13_hrs,16,40.69316,-73.986,13.6,15.8,13.0,5
Tuesday_13_hrs,9,40.746599999999994,-73.99467692307692,15.538461538461538,16.076923076923077,13.0,13
Tuesday_13_hrs,2,40.646366666666665,-73.78543333333333,1.0,14.0,13.0,3
Tuesday_13_hrs,13,40.7749375,-73.95855,14.125,15.875,13.0,8
Tuesday_13_hrs,19,40.71215,-74.01168333333334,20.833333333333332,16.833333333333332,13.0,6
Tuesday_13_hrs,0,40.75651818181818,-73.97685454545454,16.90909090909091,16.272727272727273,13.0,11
Tuesday_13_hrs,3,40.887100000000004,-73.90776666666666,12.666666666666666,15.666666666666666,13.0,3
Tuesday_13_hrs,7,40.728425,-73.94355,16.75,16.25,13.0,4
Tuesday_13_hrs,1,40.72434,-73.99557999999999,15.0,16.0,13.0,5
Tuesday_14_hrs,13,40.77557,-73.96248,14.3,15.9,14.0,10
Tuesday_14_hrs,19,40.71018333333333,-74.01116666666667,13.833333333333334,15.833333333333334,14.0,6
Tuesday_14_hrs,0,40.75605333333333,-73.97800000000001,18.733333333333334,16.533333333333335,14.0,15
Tuesday_14_hrs,6,40.77125,-73.8671,1.0,14.0,14.0,2
Tuesday_14_hrs,1,40.725858333333335,-73.99768333333333,13.833333333333334,15.833333333333334,14.0,12
Tuesday_14_hrs,10,40.7655,-73.98407499999999,8.0,15.0,14.0,4
Tuesday_14_hrs,5,40.692949999999996,-74.1773,4.5,14.5,14.0,2
Tuesday_14_hrs,9,40.74337692307692,-73.9988,17.692307692307693,16.384615384615383,14.0,13
Tuesday_14_hrs,16,40.690866666666665,-73.9898,12.666666666666666,15.666666666666666,14.0,3
Tuesday_15_hrs,0,40.75653870967742,-73.97771612903226,18.161290322580644,16.451612903225808,15.0,31
Tuesday_15_hrs,13,40.7754,-73.96090000000001,14.533333333333333,15.933333333333334,15.0,15
Tuesday_15_hrs,9,40.741506666666666,-73.99889333333334,18.266666666666666,16.466666666666665,15.0,15
Tuesday_15_hrs,10,40.76519285714286,-73.98630714285714,21.0,16.857142857142858,15.0,14
Tuesday_15_hrs,1,40.72382,-73.99553999999999,16.4,16.2,15.0,10
Tuesday_15_hrs,6,40.771966666666664,-73.86813333333333,8.0,15.0,15.0,3
Tuesday_15_hrs,19,40.710877777777775,-74.01122222222222,18.88888888888889,16.555555555555557,15.0,9
Tuesday_15_hrs,16,40.68194,-73.98848000000001,16.4,16.2,15.0,5
Tuesday_16_hrs,1,40.72551666666667,-74.00184166666666,19.083333333333332,16.583333333333332,16.0,12
Tuesday_16_hrs,16,40.6802,-73.99095,1.0,14.0,16.0,2
Tuesday_16_hrs,13,40.77951176470589,-73.96167647058824,17.058823529411764,16.294117647058822,16.0,17
Tuesday_16_hrs,19,40.71194285714286,-74.00687857142857,13.0,15.714285714285714,16.0,14
Tuesday_16_hrs,9,40.743100000000005,-73.99223928571428,18.75,16.535714285714285,16.0,28
Tuesday_16_hrs,3,40.88015,-73.91035,4.5,14.5,16.0,2
Tuesday_16_hrs,6,40.771699999999996,-73.8679,9.75,15.25,16.0,4
Tuesday_16_hrs,0,40.7568,-73.97598913043478,18.347826086956523,16.47826086956522,16.0,46
Tuesday_17_hrs,0,40.755161538461536,-73.97549615384615,14.057692307692308,15.865384615384615,17.0,52
Tuesday_17_hrs,5,40.6938,-74.17823333333332,10.333333333333334,15.333333333333334,17.0,3
Tuesday_17_hrs,1,40.72603125,-73.998675,15.0,16.0,17.0,16
Tuesday_17_hrs,4,40.633833333333335,-73.95986666666666,3.3333333333333335,14.333333333333334,17.0,3
Tuesday_17_hrs,13,40.7763875,-73.96233125,19.8125,16.6875,17.0,16
Tuesday_17_hrs,7,40.71801428571428,-73.95142857142858,11.0,15.428571428571429,17.0,7
Tuesday_17_hrs,19,40.71157777777778,-74.01185555555556,16.555555555555557,16.22222222222222,17.0,18
Tuesday_17_hrs,9,40.745242857142856,-73.99823928571428,17.75,16.392857142857142,17.0,28
Tuesday_17_hrs,10,40.76307857142857,-73.9842357142857,19.5,16.642857142857142,17.0,14
Tuesday_18_hrs,16,40.68148333333334,-73.98271666666666,12.666666666666666,15.666666666666666,18.0,6
Tuesday_18_hrs,1,40.72527272727273,-73.99630454545455,15.636363636363637,16.09090909090909,18.0,22
Tuesday_18_hrs,0,40.75631764705882,-73.97631470588236,17.470588235294116,16.352941176470587,18.0,34
Tuesday_18_hrs,9,40.74281071428572,-73.99518571428572,16.75,16.25,18.0,28
Tuesday_18_hrs,10,40.75765,-73.98913,19.2,16.6,18.0,10
Tuesday_18_hrs,13,40.77599,-73.96029999999999,22.0,17.0,18.0,10
Tuesday_19_hrs,1,40.726866666666666,-73.99974444444445,16.166666666666668,16.166666666666668,19.0,18
Tuesday_19_hrs,0,40.756474999999995,-73.97557499999999,15.38888888888889,16.055555555555557,19.0,36
Tuesday_19_hrs,6,40.7723,-73.86903333333333,3.3333333333333335,14.333333333333334,19.0,3
Tuesday_19_hrs,13,40.769016666666666,-73.952,17.333333333333332,16.333333333333332,19.0,6
Tuesday_19_hrs,16,40.6877,-73.98994,12.2,15.6,19.0,5
Tuesday_19_hrs,2,40.65315,-73.81595,15.0,16.0,19.0,2
Tuesday_19_hrs,19,40.71459166666667,-74.00858333333333,15.583333333333334,16.083333333333332,19.0,12
Tuesday_19_hrs,9,40.743491666666664,-73.99514166666667,18.5,16.5,19.0,24
Tuesday_20_hrs,19,40.71383,-74.00883,17.1,16.3,20.0,10
Tuesday_20_hrs,2,40.6485,-73.78305,4.5,14.5,20.0,2
Tuesday_20_hrs,1,40.72701176470588,-73.99348235294119,19.11764705882353,16.58823529411765,20.0,17
Tuesday_20_hrs,0,40.75685,-73.977945,14.65,15.95,20.0,20
Tuesday_20_hrs,9,40.743675,-73.9976,15.0,16.0,20.0,20
Tuesday_20_hrs,10,40.76253333333333,-73.98297333333333,15.933333333333334,16.133333333333333,20.0,15
Tuesday_21_hrs,0,40.75651428571429,-73.97516666666667,15.0,16.0,21.0,21
Tuesday_21_hrs,13,40.779,-73.97206666666666,10.333333333333334,15.333333333333334,21.0,3
Tuesday_21_hrs,1,40.7254619047619,-73.9956,17.0,16.285714285714285,21.0,21
Tuesday_21_hrs,9,40.741265,-73.99965999999999,21.65,16.95,21.0,20
Tuesday_21_hrs,16,40.68471666666667,-73.98245,16.166666666666668,16.166666666666668,21.0,6
Tuesday_21_hrs,19,40.71422857142857,-74.00832857142858,16.0,16.142857142857142,21.0,7
Tuesday_21_hrs,10,40.76334,-73.98498,16.4,16.2,21.0,5
Tuesday_21_hrs,7,40.723725,-73.960375,18.5,16.5,21.0,4
Tuesday_22_hrs,1,40.727199999999996,-73.99833,14.3,15.9,22.0,20
Tuesday_22_hrs,19,40.71779090909091,-74.00978181818182,10.545454545454545,15.363636363636363,22.0,11
Tuesday_22_hrs,16,40.678125,-73.97807499999999,15.0,16.0,22.0,4
Tuesday_22_hrs,7,40.720499999999994,-73.955,12.666666666666666,15.666666666666666,22.0,3
Tuesday_22_hrs,0,40.7528375,-73.973025,15.0,16.0,22.0,8
Tuesday_23_hrs,1,40.72488571428572,-73.99517142857142,15.0,16.0,23.0,7
Tuesday_23_hrs,0,40.75586666666667,-73.97616666666666,8.0,15.0,23.0,3
Tuesday_23_hrs,13,40.77855,-73.959575,15.0,16.0,23.0,4
Wednesday_0_hrs,13,40.777033333333335,-73.95366666666666,11.333333333333334,15.333333333333334,0.0,3
Wednesday_0_hrs,1,40.726175,-73.99355,16.0,16.0,0.0,4
Wednesday_2_hrs,1,40.725625,-73.994125,14.25,15.75,2.0,4
Wednesday_4_hrs,13,40.783125,-73.972175,9.0,15.0,4.0,4
Wednesday_4_hrs,20,40.66566666666667,-73.95466666666667,11.333333333333334,15.333333333333334,4.0,3
Wednesday_5_hrs,16,40.683,-73.98185,16.0,16.0,5.0,4
Wednesday_5_hrs,4,40.621849999999995,-73.9899,5.5,14.5,5.0,2
Wednesday_5_hrs,7,40.720150000000004,-73.95185000000001,12.5,15.5,5.0,2
Wednesday_5_hrs,19,40.70773333333333,-73.99856666666666,9.0,15.0,5.0,3
Wednesday_5_hrs,9,40.74134,-73.9976,20.2,16.6,5.0,5
Wednesday_5_hrs,1,40.72956,-73.98672,24.4,17.2,5.0,5
Wednesday_5_hrs,2,40.6475,-73.7808,11.333333333333334,15.333333333333334,5.0,3
Wednesday_5_hrs,13,40.7827,-73.97041428571428,25.0,17.285714285714285,5.0,7
Wednesday_6_hrs,1,40.725633333333334,-73.99025555555555,19.11111111111111,16.444444444444443,6.0,9
Wednesday_6_hrs,19,40.7142,-74.00153333333334,4.333333333333333,14.333333333333334,6.0,3
Wednesday_6_hrs,10,40.7708,-73.98559999999999,11.333333333333334,15.333333333333334,6.0,3
Wednesday_6_hrs,7,40.716566666666665,-73.9491,13.666666666666666,15.666666666666666,6.0,6
Wednesday_6_hrs,13,40.782025,-73.96351875,17.3125,16.1875,6.0,16
Wednesday_6_hrs,20,40.678650000000005,-73.95155,16.0,16.0,6.0,2
Wednesday_7_hrs,16,40.694199999999995,-73.9973,16.0,16.0,7.0,2
Wednesday_7_hrs,10,40.767725,-73.98920833333334,17.75,16.25,7.0,12
Wednesday_7_hrs,7,40.72516666666667,-73.95266666666667,6.666666666666667,14.666666666666666,7.0,3
Wednesday_7_hrs,13,40.777496,-73.961408,16.28,16.04,7.0,25
Wednesday_7_hrs,19,40.710049999999995,-74.00970000000001,12.5,15.5,7.0,2
Wednesday_7_hrs,1,40.7252,-73.98836111111112,17.944444444444443,16.27777777777778,7.0,18
Wednesday_7_hrs,9,40.742504545454544,-73.99185909090909,18.863636363636363,16.40909090909091,7.0,22
Wednesday_8_hrs,19,40.714775,-74.00347500000001,16.0,16.0,8.0,4
Wednesday_8_hrs,1,40.72556875,-73.98916875,16.4375,16.0625,8.0,16
Wednesday_8_hrs,9,40.74252,-73.99638666666667,17.4,16.2,8.0,15
Wednesday_8_hrs,13,40.774409090909096,-73.95876818181817,16.954545454545453,16.136363636363637,8.0,22
Wednesday_8_hrs,0,40.75415,-73.97439166666666,16.0,16.0,8.0,12
Wednesday_8_hrs,16,40.684171428571425,-73.98481428571428,20.0,16.571428571428573,8.0,7
Wednesday_8_hrs,20,40.684133333333335,-73.95096666666667,11.333333333333334,15.333333333333334,8.0,3
Wednesday_8_hrs,10,40.76647777777778,-73.98867777777778,17.555555555555557,16.22222222222222,8.0,9
Wednesday_9_hrs,13,40.77936,-73.96378999999999,23.0,17.0,9.0,10
Wednesday_9_hrs,19,40.7158,-74.0058,12.5,15.5,9.0,2
Wednesday_9_hrs,7,40.71095,-73.9574,12.5,15.5,9.0,4
Wednesday_9_hrs,0,40.753125,-73.976925,16.875,16.125,9.0,8
Wednesday_9_hrs,10,40.76558571428571,-73.98411428571428,17.0,16.142857142857142,9.0,7
Wednesday_9_hrs,1,40.72662857142857,-73.98734285714285,24.0,17.142857142857142,9.0,7
Wednesday_10_hrs,16,40.68016666666667,-73.99233333333333,9.0,15.0,10.0,3
Wednesday_10_hrs,1,40.724419999999995,-73.99637,16.7,16.1,10.0,10
Wednesday_10_hrs,7,40.717666666666666,-73.94080000000001,11.333333333333334,15.333333333333334,10.0,3
Wednesday_10_hrs,13,40.77777692307692,-73.96584615384616,14.384615384615385,15.76923076923077,10.0,13
Wednesday_10_hrs,9,40.7408375,-73.9974,16.0,16.0,10.0,8
Wednesday_10_hrs,10,40.7726,-73.988675,18.625,16.375,10.0,8
Wednesday_10_hrs,0,40.7554052631579,-73.97279999999999,21.157894736842106,16.736842105263158,10.0,19
Wednesday_10_hrs,19,40.7137125,-74.01165,20.375,16.625,10.0,8
Wednesday_11_hrs,1,40.72418125,-73.9963,20.8125,16.6875,11.0,16
Wednesday_11_hrs,19,40.710775,-74.01115,17.75,16.25,11.0,4
Wednesday_11_hrs,9,40.74471,-73.99782,18.8,16.4,11.0,20
Wednesday_11_hrs,10,40.76666,-73.98584000000001,17.4,16.2,11.0,5
Wednesday_11_hrs,0,40.75661052631579,-73.97331052631579,18.57894736842105,16.36842105263158,11.0,19
Wednesday_11_hrs,5,40.7319,-74.15979999999999,12.5,15.5,11.0,2
Wednesday_12_hrs,7,40.719233333333335,-73.95496666666666,20.666666666666668,16.666666666666668,12.0,3
Wednesday_12_hrs,10,40.762060000000005,-73.9834,24.4,17.2,12.0,5
Wednesday_12_hrs,13,40.7745875,-73.9613875,18.625,16.375,12.0,8
Wednesday_12_hrs,0,40.75416153846153,-73.97630000000001,22.46153846153846,16.923076923076923,12.0,13
Wednesday_12_hrs,19,40.707425,-74.00562500000001,23.0,17.0,12.0,4
Wednesday_13_hrs,1,40.725614285714286,-73.99700714285714,18.5,16.357142857142858,13.0,14
Wednesday_13_hrs,0,40.75460625,-73.97395,18.1875,16.3125,13.0,16
Wednesday_13_hrs,2,40.6445,-73.7803,6.666666666666667,14.666666666666666,13.0,3
Wednesday_13_hrs,19,40.70855,-74.0141,12.5,15.5,13.0,4
Wednesday_13_hrs,9,40.74304545454545,-73.99441818181818,19.5,16.5,13.0,22
Wednesday_13_hrs,16,40.664366666666666,-73.98129999999999,16.0,16.0,13.0,3
Wednesday_13_hrs,13,40.77900714285714,-73.95736428571429,24.0,17.142857142857142,13.0,14
Wednesday_13_hrs,7,40.73546666666667,-73.94576666666667,11.333333333333334,15.333333333333334,13.0,3
Wednesday_14_hrs,13,40.77840666666667,-73.9645,18.8,16.4,14.0,15
Wednesday_14_hrs,19,40.70918571428571,-74.0035,21.0,16.714285714285715,14.0,7
Wednesday_14_hrs,9,40.742705882352936,-73.99758235294118,18.470588235294116,16.352941176470587,14.0,17
Wednesday_14_hrs,0,40.754988235294114,-73.97474705882352,17.647058823529413,16.235294117647058,14.0,17
Wednesday_14_hrs,1,40.727094736842105,-73.99713157894737,19.31578947368421,16.473684210526315,14.0,19
Wednesday_14_hrs,7,40.723925,-73.9487,17.75,16.25,14.0,4
Wednesday_14_hrs,2,40.64611428571429,-73.78351428571429,12.0,15.428571428571429,14.0,7
Wednesday_14_hrs,10,40.768499999999996,-73.98708333333333,17.166666666666668,16.166666666666668,14.0,6
Wednesday_15_hrs,13,40.77657894736842,-73.96139473684211,19.68421052631579,16.526315789473685,15.0,19
Wednesday_15_hrs,9,40.744913636363634,-73.9950590909091,17.59090909090909,16.227272727272727,15.0,22
Wednesday_15_hrs,0,40.75522592592593,-73.97675185185186,21.703703703703702,16.814814814814813,15.0,27
Wednesday_15_hrs,19,40.7134,-74.00987777777777,21.444444444444443,16.77777777777778,15.0,9
Wednesday_15_hrs,10,40.764,-73.98795882352941,19.294117647058822,16.470588235294116,15.0,17
Wednesday_15_hrs,1,40.72554761904762,-73.99758571428572,18.333333333333332,16.333333333333332,15.0,21
Wednesday_15_hrs,16,40.678,-73.98533333333333,13.666666666666666,15.666666666666666,15.0,3
Wednesday_16_hrs,9,40.74290322580645,-73.99393870967742,18.70967741935484,16.387096774193548,16.0,31
Wednesday_16_hrs,0,40.75595,-73.976174,17.68,16.24,16.0,50
Wednesday_16_hrs,1,40.72718333333333,-73.99789444444444,17.944444444444443,16.27777777777778,16.0,18
Wednesday_16_hrs,6,40.77086666666667,-73.86656666666667,16.0,16.0,16.0,3
Wednesday_16_hrs,19,40.709516666666666,-74.00696666666667,18.333333333333332,16.333333333333332,16.0,6
Wednesday_16_hrs,10,40.76178461538461,-73.9846,19.23076923076923,16.46153846153846,16.0,13
Wednesday_16_hrs,4,40.63205,-73.9896,12.5,15.5,16.0,2
Wednesday_16_hrs,7,40.7159,-73.94706666666667,16.0,16.0,16.0,3
Wednesday_17_hrs,10,40.76389,-73.98501,16.0,16.0,17.0,10
Wednesday_17_hrs,9,40.74404523809524,-73.99616666666667,17.833333333333332,16.261904761904763,17.0,42
Wednesday_17_hrs,0,40.755812820512816,-73.97717692307693,21.025641025641026,16.71794871794872,17.0,39
Wednesday_17_hrs,7,40.71973333333333,-73.95353333333333,18.333333333333332,16.333333333333332,17.0,6
Wednesday_17_hrs,1,40.72790625,-73.99645625,20.375,16.625,17.0,16
Wednesday_17_hrs,19,40.709985714285715,-74.0086,19.0,16.428571428571427,17.0,14
Wednesday_17_hrs,3,40.8773,-73.8905,5.5,14.5,17.0,2
Wednesday_18_hrs,1,40.726237499999996,-73.99768125,16.875,16.125,18.0,16
Wednesday_18_hrs,13,40.77924375,-73.96303125,20.8125,16.6875,18.0,16
Wednesday_18_hrs,2,40.64491666666667,-73.78261666666667,11.333333333333334,15.333333333333334,18.0,6
Wednesday_18_hrs,9,40.74471739130435,-73.99652173913044,24.52173913043478,17.217391304347824,18.0,23
Wednesday_18_hrs,10,40.762460000000004,-73.98741333333334,21.133333333333333,16.733333333333334,18.0,15
Wednesday_18_hrs,0,40.75574864864865,-73.97723243243243,20.72972972972973,16.675675675675677,18.0,37
Wednesday_18_hrs,16,40.6832,-73.97611666666667,17.166666666666668,16.166666666666668,18.0,6
Wednesday_18_hrs,19,40.71452307692308,-74.01447692307693,20.307692307692307,16.615384615384617,18.0,13
Wednesday_18_hrs,20,40.6753,-73.9514,9.0,15.0,18.0,2
Wednesday_19_hrs,19,40.711726666666664,-74.00733333333332,18.8,16.4,19.0,15
Wednesday_19_hrs,0,40.75552894736842,-73.97518684210526,17.657894736842106,16.236842105263158,19.0,38
Wednesday_19_hrs,9,40.74226296296296,-73.99637037037037,16.77777777777778,16.11111111111111,19.0,27
Wednesday_19_hrs,1,40.725123809523815,-73.99785238095238,23.0,17.0,19.0,21
Wednesday_19_hrs,16,40.678583333333336,-73.99101666666667,17.166666666666668,16.166666666666668,19.0,6
Wednesday_19_hrs,13,40.77303333333333,-73.96061666666667,16.0,16.0,19.0,6
Wednesday_19_hrs,10,40.76259375,-73.98548124999999,19.9375,16.5625,19.0,16
Wednesday_20_hrs,19,40.7160375,-74.0144,20.375,16.625,20.0,8
Wednesday_20_hrs,12,40.81961666666667,-73.95495,9.0,15.0,20.0,6
Wednesday_20_hrs,9,40.742468,-73.995572,17.96,16.28,20.0,25
Wednesday_20_hrs,0,40.75698205128205,-73.97762051282051,19.94871794871795,16.564102564102566,20.0,39
Wednesday_20_hrs,10,40.76284,-73.98584,19.5,16.5,20.0,10
Wednesday_20_hrs,6,40.7836,-73.84174999999999,5.5,14.5,20.0,2
Wednesday_20_hrs,1,40.72706363636364,-73.99631818181818,17.90909090909091,16.272727272727273,20.0,22
Wednesday_21_hrs,0,40.756026923076924,-73.97752307692308,19.5,16.5,21.0,26
Wednesday_21_hrs,13,40.78311428571429,-73.96688571428571,16.0,16.0,21.0,7
Wednesday_21_hrs,9,40.742935483870966,-73.99964193548387,19.612903225806452,16.516129032258064,21.0,31
Wednesday_21_hrs,10,40.76276,-73.98523,15.3,15.9,21.0,10
Wednesday_21_hrs,16,40.68082857142857,-73.98887142857143,17.0,16.142857142857142,21.0,7
Wednesday_21_hrs,7,40.7209,-73.956075,16.0,16.0,21.0,4
Wednesday_21_hrs,1,40.72729090909091,-73.99738636363637,20.136363636363637,16.59090909090909,21.0,22
Wednesday_22_hrs,6,40.76896,-73.8558,14.6,15.8,22.0,5
Wednesday_22_hrs,0,40.7571125,-73.97585416666666,19.5,16.5,22.0,24
Wednesday_22_hrs,19,40.71421875,-74.008175,22.5625,16.9375,22.0,16
Wednesday_22_hrs,10,40.76477272727273,-73.98521818181818,21.727272727272727,16.818181818181817,22.0,11
Wednesday_22_hrs,9,40.74483636363636,-74.00366818181818,20.454545454545453,16.636363636363637,22.0,22
Wednesday_22_hrs,7,40.714642857142856,-73.958,13.0,15.571428571428571,22.0,7
Wednesday_22_hrs,16,40.68735,-73.9897,2.0,14.0,22.0,2
Wednesday_23_hrs,1,40.7271,-73.99667142857142,21.0,16.714285714285715,23.0,7
Wednesday_23_hrs,0,40.75497777777778,-73.9794,23.77777777777778,17.11111111111111,23.0,9
Wednesday_23_hrs,9,40.74059,-73.99701,20.9,16.7,23.0,10
Thursday_0_hrs,1,40.72606666666667,-73.9907,5.333333333333333,14.333333333333334,0.0,3
Thursday_0_hrs,0,40.7611,-73.9665,13.5,15.5,0.0,2
Thursday_1_hrs,1,40.72305,-74.0072,13.5,15.5,1.0,2
Thursday_5_hrs,1,40.72528,-73.99518,19.8,16.4,5.0,5
Thursday_6_hrs,0,40.7557,-73.97445555555555,17.77777777777778,16.11111111111111,6.0,9
Thursday_6_hrs,13,40.77708888888889,-73.96473333333333,13.88888888888889,15.555555555555555,6.0,9
Thursday_6_hrs,16,40.68925,-73.98045,10.0,15.0,6.0,2
Thursday_6_hrs,1,40.725657142857145,-73.98924285714286,10.0,15.0,6.0,7
Thursday_6_hrs,5,40.693650000000005,-74.1798,13.5,15.5,6.0,2
Thursday_6_hrs,9,40.74,-73.98868333333333,11.166666666666666,15.166666666666666,6.0,6
Thursday_7_hrs,1,40.725375,-73.99132,14.55,15.65,7.0,20
Thursday_7_hrs,9,40.74125,-73.99994166666666,15.25,15.75,7.0,12
Thursday_7_hrs,13,40.77789444444445,-73.95877777777778,12.333333333333334,15.333333333333334,7.0,18
Thursday_7_hrs,7,40.730866666666664,-73.94326666666667,12.333333333333334,15.333333333333334,7.0,3
Thursday_7_hrs,0,40.758449999999996,-73.97405,3.0,14.0,7.0,2
Thursday_7_hrs,19,40.70256666666666,-74.00529999999999,14.666666666666666,15.666666666666666,7.0,3
Thursday_8_hrs,9,40.7385,-73.995325,10.875,15.125,8.0,8
Thursday_8_hrs,0,40.752766666666666,-73.97651666666667,8.833333333333334,14.833333333333334,8.0,6
Thursday_8_hrs,10,40.769016666666666,-73.98631666666667,18.166666666666668,16.166666666666668,8.0,6
Thursday_8_hrs,19,40.71675,-74.00451666666667,8.833333333333334,14.833333333333334,8.0,6
Thursday_8_hrs,7,40.71957777777778,-73.94714444444445,11.555555555555555,15.222222222222221,8.0,9
Thursday_8_hrs,1,40.72717333333333,-73.99179333333333,16.533333333333335,15.933333333333334,8.0,15
Thursday_8_hrs,13,40.77766,-73.95774,18.4,16.2,8.0,15
Thursday_8_hrs,6,40.7722,-73.86916666666667,10.0,15.0,8.0,3
Thursday_9_hrs,20,40.686800000000005,-73.9356,3.0,14.0,9.0,2
Thursday_9_hrs,9,40.7435,-73.99782,7.2,14.6,9.0,5
Thursday_9_hrs,7,40.72005,-73.9603,10.0,15.0,9.0,2
Thursday_9_hrs,10,40.767,-73.98286666666667,5.333333333333333,14.333333333333334,9.0,3
Thursday_9_hrs,0,40.75702222222222,-73.97160000000001,14.666666666666666,15.666666666666666,9.0,9
Thursday_9_hrs,13,40.77697777777777,-73.9620888888889,11.555555555555555,15.222222222222221,9.0,9
Thursday_9_hrs,19,40.71736,-74.00825999999999,15.6,15.8,9.0,5
Thursday_10_hrs,9,40.74314,-73.99465000000001,10.0,15.0,10.0,10
Thursday_10_hrs,6,40.7721,-73.8757,6.5,14.5,10.0,2
Thursday_10_hrs,0,40.7557625,-73.9729125,13.5,15.5,10.0,8
Thursday_10_hrs,1,40.725950000000005,-73.99486666666667,13.5,15.5,10.0,6
Thursday_11_hrs,19,40.711999999999996,-74.0070125,14.375,15.625,11.0,8
Thursday_11_hrs,9,40.742825,-73.993375,15.833333333333334,15.833333333333334,11.0,12
Thursday_11_hrs,13,40.779583333333335,-73.96751666666667,8.833333333333334,14.833333333333334,11.0,6
Thursday_11_hrs,1,40.72623333333333,-73.99356666666667,13.5,15.5,11.0,6
Thursday_12_hrs,6,40.76684,-73.8729,14.2,15.6,12.0,5
Thursday_12_hrs,0,40.755900000000004,-73.97612222222222,16.22222222222222,15.88888888888889,12.0,9
Thursday_12_hrs,13,40.777820000000006,-73.96118,14.2,15.6,12.0,5
Thursday_12_hrs,9,40.74276666666667,-73.99505555555555,13.88888888888889,15.555555555555555,12.0,9
Thursday_12_hrs,19,40.7112125,-74.00745,10.875,15.125,12.0,8
Thursday_12_hrs,10,40.76476666666667,-73.99023333333334,12.333333333333334,15.333333333333334,12.0,6
Thursday_12_hrs,2,40.64475,-73.7834,6.5,14.5,12.0,2
Thursday_13_hrs,0,40.75350909090909,-73.97825454545455,12.545454545454545,15.363636363636363,13.0,11
Thursday_13_hrs,19,40.71286666666666,-74.00413333333334,13.5,15.5,13.0,6
Thursday_13_hrs,1,40.7246,-73.99434285714285,10.0,15.0,13.0,7
Thursday_13_hrs,13,40.77704,-73.96218,13.5,15.5,13.0,10
Thursday_14_hrs,0,40.75571818181818,-73.97567272727272,13.818181818181818,15.545454545454545,14.0,11
Thursday_14_hrs,2,40.64393,-73.78491,10.7,15.1,14.0,10
Thursday_14_hrs,9,40.7441,-73.99694444444444,7.666666666666667,14.666666666666666,14.0,9
Thursday_14_hrs,16,40.6929,-73.9902,8.25,14.75,14.0,4
Thursday_14_hrs,5,40.71405,-74.1784,6.5,14.5,14.0,2
Thursday_14_hrs,10,40.766075,-73.98882499999999,17.0,16.0,14.0,8
Thursday_14_hrs,19,40.709399999999995,-74.0088,13.5,15.5,14.0,6
Thursday_14_hrs,13,40.782199999999996,-73.96551666666666,13.5,15.5,14.0,6
Thursday_15_hrs,13,40.77861428571429,-73.96345,15.5,15.785714285714286,15.0,14
Thursday_15_hrs,0,40.75436666666667,-73.97690303030302,14.878787878787879,15.696969696969697,15.0,33
Thursday_15_hrs,9,40.74161538461538,-73.99498461538461,13.23076923076923,15.461538461538462,15.0,13
Thursday_15_hrs,6,40.771150000000006,-73.8745,6.5,14.5,15.0,2
Thursday_15_hrs,1,40.72565384615385,-73.99598461538461,15.384615384615385,15.76923076923077,15.0,13
Thursday_15_hrs,19,40.71118,-74.0091,14.2,15.6,15.0,5
Thursday_16_hrs,1,40.725390476190476,-73.99803333333332,15.333333333333334,15.761904761904763,16.0,21
Thursday_16_hrs,0,40.75760689655173,-73.97349655172414,14.10344827586207,15.586206896551724,16.0,29
Thursday_16_hrs,9,40.74359047619048,-73.99669523809523,15.666666666666666,15.80952380952381,16.0,21
Thursday_16_hrs,10,40.76528181818182,-73.9836090909091,13.818181818181818,15.545454545454545,16.0,11
Thursday_16_hrs,16,40.68163333333333,-73.98383333333334,5.333333333333333,14.333333333333334,16.0,3
Thursday_16_hrs,19,40.71152222222222,-74.00652222222223,13.88888888888889,15.555555555555555,16.0,9
Thursday_16_hrs,6,40.77035,-73.8654,6.5,14.5,16.0,2
Thursday_17_hrs,0,40.75598333333333,-73.9753,13.033333333333333,15.433333333333334,17.0,30
Thursday_17_hrs,7,40.71665,-73.9525,15.25,15.75,17.0,4
Thursday_17_hrs,9,40.74308387096774,-73.99464193548387,15.64516129032258,15.806451612903226,17.0,31
Thursday_17_hrs,19,40.7107,-74.00904615384616,14.846153846153847,15.692307692307692,17.0,13
Thursday_17_hrs,1,40.72533529411765,-73.99589411764705,16.176470588235293,15.882352941176471,17.0,17
Thursday_17_hrs,16,40.6902,-73.9611,10.0,15.0,17.0,2
Thursday_17_hrs,2,40.644149999999996,-73.78255,3.0,14.0,17.0,2
Thursday_17_hrs,13,40.7772,-73.96141,13.5,15.5,17.0,10
Thursday_18_hrs,0,40.75624333333334,-73.97638,13.033333333333333,15.433333333333334,18.0,30
Thursday_18_hrs,13,40.78124444444445,-73.96391111111112,10.777777777777779,15.11111111111111,18.0,9
Thursday_18_hrs,9,40.7421,-73.99514761904761,14.666666666666666,15.666666666666666,18.0,21
Thursday_18_hrs,6,40.769842857142855,-73.86454285714285,12.0,15.285714285714286,18.0,7
Thursday_18_hrs,1,40.72426428571429,-73.99693571428573,13.0,15.428571428571429,18.0,14
Thursday_18_hrs,19,40.7139625,-74.009625,11.75,15.25,18.0,8
Thursday_18_hrs,10,40.76206666666667,-73.98774444444444,15.444444444444445,15.777777777777779,18.0,9
Thursday_18_hrs,7,40.71593333333333,-73.95263333333334,12.333333333333334,15.333333333333334,18.0,3
Thursday_19_hrs,13,40.774366666666666,-73.9569,13.5,15.5,19.0,6
Thursday_19_hrs,1,40.72556666666667,-73.99617500000001,9.416666666666666,14.916666666666666,19.0,12
Thursday_19_hrs,9,40.741025,-73.99421875,10.875,15.125,19.0,16
Thursday_19_hrs,6,40.7647125,-73.8681375,13.5,15.5,19.0,8
Thursday_19_hrs,0,40.75566666666667,-73.97413703703704,17.51851851851852,16.074074074074073,19.0,27
Thursday_19_hrs,10,40.762025,-73.9834625,17.0,16.0,19.0,8
Thursday_19_hrs,12,40.8077,-73.96135000000001,3.0,14.0,19.0,2
Thursday_20_hrs,0,40.756232142857144,-73.97376071428572,13.75,15.535714285714286,20.0,28
Thursday_20_hrs,10,40.76104545454546,-73.98674545454546,13.818181818181818,15.545454545454545,20.0,11
Thursday_20_hrs,1,40.72768333333333,-73.99756666666667,15.833333333333334,15.833333333333334,20.0,12
Thursday_20_hrs,9,40.74256896551724,-73.99829655172414,13.137931034482758,15.448275862068966,20.0,29
Thursday_20_hrs,13,40.77838571428572,-73.96178571428571,9.0,14.857142857142858,20.0,7
Thursday_20_hrs,19,40.7097,-74.00578333333334,8.833333333333334,14.833333333333334,20.0,6
Thursday_21_hrs,9,40.741116279069765,-73.9945023255814,14.232558139534884,15.604651162790697,21.0,43
Thursday_21_hrs,6,40.75932,-73.86558,15.6,15.8,21.0,5
Thursday_21_hrs,10,40.76186666666667,-73.987925,11.166666666666666,15.166666666666666,21.0,12
Thursday_21_hrs,0,40.755161538461536,-73.97749999999999,13.76923076923077,15.538461538461538,21.0,26
Thursday_21_hrs,19,40.720650000000006,-74.03745,13.5,15.5,21.0,2
Thursday_21_hrs,16,40.682125,-73.991375,10.0,15.0,21.0,4
Thursday_21_hrs,1,40.727495652173914,-73.99561304347826,17.91304347826087,16.130434782608695,21.0,23
Thursday_21_hrs,13,40.77706666666666,-73.95533333333333,10.0,15.0,21.0,3
Thursday_22_hrs,9,40.74151481481481,-73.99947407407407,13.88888888888889,15.555555555555555,22.0,27
Thursday_22_hrs,6,40.77296666666667,-73.87066666666668,7.666666666666667,14.666666666666666,22.0,3
Thursday_22_hrs,1,40.7285,-73.99557391304349,13.956521739130435,15.565217391304348,22.0,23
Thursday_22_hrs,10,40.76757272727273,-73.9858,6.818181818181818,14.545454545454545,22.0,11
Thursday_22_hrs,0,40.75640769230769,-73.97561538461538,12.692307692307692,15.384615384615385,22.0,13
Thursday_22_hrs,19,40.71371428571428,-74.00831428571428,17.0,16.0,22.0,7
Thursday_22_hrs,2,40.65623333333333,-73.79206666666666,7.666666666666667,14.666666666666666,22.0,3
Thursday_23_hrs,1,40.723800000000004,-73.9932294117647,12.470588235294118,15.352941176470589,23.0,17
Thursday_23_hrs,0,40.754400000000004,-73.98,14.666666666666666,15.666666666666666,23.0,3
Thursday_23_hrs,7,40.714949999999995,-73.95093333333334,7.666666666666667,14.666666666666666,23.0,6
Thursday_23_hrs,9,40.74328333333333,-73.99773333333333,16.416666666666668,15.916666666666666,23.0,12
Thursday_23_hrs,19,40.722766666666665,-74.02846666666666,10.0,15.0,23.0,3
Friday_0_hrs,0,40.7468,-73.97733333333333,8.666666666666666,14.666666666666666,0.0,3
Friday_0_hrs,7,40.7244,-73.93065,7.5,14.5,0.0,2
Friday_0_hrs,1,40.73026,-73.99346,15.2,15.6,0.0,10
Friday_0_hrs,9,40.7428,-74.00694,14.5,15.5,0.0,10
Friday_1_hrs,13,40.7772,-73.95406666666666,4.0,14.0,1.0,3
Friday_1_hrs,9,40.74476666666666,-73.99916666666667,18.0,16.0,1.0,3
Friday_2_hrs,9,40.74095,-74.00319999999999,11.0,15.0,2.0,2
Friday_2_hrs,1,40.7247,-73.99493333333334,6.333333333333333,14.333333333333334,2.0,3
Friday_2_hrs,19,40.71495,-74.00505,7.5,14.5,2.0,2
Friday_3_hrs,1,40.7252,-73.9965,4.0,14.0,3.0,2
Friday_3_hrs,12,40.8179,-73.91695,7.5,14.5,3.0,2
Friday_3_hrs,7,40.71586666666666,-73.96103333333333,8.666666666666666,14.666666666666666,3.0,3
Friday_3_hrs,13,40.77065,-73.93545,14.5,15.5,3.0,2
Friday_4_hrs,10,40.77265,-73.9848,11.0,15.0,4.0,2
Friday_4_hrs,9,40.73793333333333,-73.98870000000001,8.666666666666666,14.666666666666666,4.0,3
Friday_4_hrs,13,40.7748,-73.96526666666666,13.333333333333334,15.333333333333334,4.0,3
Friday_4_hrs,0,40.7531,-73.97460000000001,14.5,15.5,4.0,2
Friday_4_hrs,1,40.7227,-73.9923,13.333333333333334,15.333333333333334,4.0,3
Friday_5_hrs,1,40.72656666666666,-73.99186666666667,11.0,15.0,5.0,3
Friday_6_hrs,9,40.73999333333334,-73.99615333333333,13.8,15.4,6.0,15
Friday_6_hrs,10,40.75942,-73.99466,13.8,15.4,6.0,5
Friday_6_hrs,13,40.78191428571429,-73.96341428571428,14.5,15.5,6.0,14
Friday_6_hrs,19,40.708466666666666,-74.0032,13.333333333333334,15.333333333333334,6.0,3
Friday_6_hrs,16,40.68165,-73.98545,11.0,15.0,6.0,4
Friday_6_hrs,6,40.7395,-73.7873,7.5,14.5,6.0,2
Friday_7_hrs,7,40.72026666666667,-73.9555,18.0,16.0,7.0,3
Friday_7_hrs,1,40.72773333333334,-73.99220666666666,15.666666666666666,15.666666666666666,7.0,15
Friday_7_hrs,13,40.7788,-73.96445,12.166666666666666,15.166666666666666,7.0,12
Friday_7_hrs,10,40.767160000000004,-73.99154,14.5,15.5,7.0,10
Friday_7_hrs,19,40.71565,-74.00715,4.0,14.0,7.0,2
Friday_7_hrs,9,40.743833333333335,-73.99436666666666,14.5,15.5,7.0,6
Friday_8_hrs,13,40.780060000000006,-73.96363333333333,9.133333333333333,14.733333333333333,8.0,15
Friday_8_hrs,7,40.725750000000005,-73.95355,7.5,14.5,8.0,2
Friday_8_hrs,10,40.76943333333333,-73.99628333333334,13.333333333333334,15.333333333333334,8.0,6
Friday_8_hrs,1,40.72405454545455,-73.99302727272726,14.181818181818182,15.454545454545455,8.0,11
Friday_8_hrs,0,40.759175,-73.96725,9.25,14.75,8.0,4
Friday_8_hrs,9,40.74380769230769,-73.9954076923077,15.846153846153847,15.692307692307692,8.0,13
Friday_8_hrs,19,40.707475,-74.00575,7.5,14.5,8.0,4
Friday_9_hrs,9,40.74360714285714,-73.99482142857143,14.5,15.5,9.0,14
Friday_9_hrs,16,40.68085,-73.9705,11.0,15.0,9.0,2
Friday_9_hrs,13,40.776875000000004,-73.94975,19.75,16.25,9.0,8
Friday_9_hrs,1,40.722927272727276,-73.99386363636364,17.363636363636363,15.909090909090908,9.0,11
Friday_9_hrs,10,40.76994,-73.98684,13.8,15.4,9.0,5
Friday_9_hrs,0,40.753175,-73.979,7.5,14.5,9.0,4
Friday_10_hrs,10,40.769866666666665,-73.98943333333334,11.0,15.0,10.0,3
Friday_10_hrs,19,40.71751666666667,-74.01956666666668,16.833333333333332,15.833333333333334,10.0,6
Friday_10_hrs,16,40.674925,-73.97595,11.0,15.0,10.0,4
Friday_10_hrs,13,40.77125,-73.96005,16.25,15.75,10.0,8
Friday_10_hrs,1,40.724333333333334,-73.99833333333333,12.166666666666666,15.166666666666666,10.0,6
Friday_10_hrs,0,40.756699999999995,-73.974125,16.25,15.75,10.0,8
Friday_11_hrs,1,40.72742222222222,-73.99162222222223,9.444444444444445,14.777777777777779,11.0,9
Friday_11_hrs,13,40.77007999999999,-73.9562,18.0,16.0,11.0,5
Friday_11_hrs,0,40.75826,-73.97549000000001,15.9,15.7,11.0,10
Friday_11_hrs,19,40.71626666666666,-74.01318333333333,19.166666666666668,16.166666666666668,11.0,6
Friday_11_hrs,7,40.72163333333333,-73.94916666666667,12.166666666666666,15.166666666666666,11.0,6
Friday_11_hrs,9,40.745866666666664,-74.00121666666666,15.666666666666666,15.666666666666666,11.0,6
Friday_11_hrs,10,40.76843333333333,-73.98003333333334,11.0,15.0,11.0,3
Friday_12_hrs,19,40.7087,-74.00330000000001,18.0,16.0,12.0,3
Friday_12_hrs,1,40.72535,-73.994225,15.375,15.625,12.0,8
Friday_12_hrs,9,40.74258888888889,-73.99526666666667,12.555555555555555,15.222222222222221,12.0,9
Friday_12_hrs,0,40.75792857142857,-73.97374285714285,12.0,15.142857142857142,12.0,7
Friday_12_hrs,10,40.764922222222225,-73.98831111111112,18.0,16.0,12.0,9
Friday_13_hrs,9,40.74239090909091,-73.99204545454546,11.636363636363637,15.090909090909092,13.0,11
Friday_13_hrs,0,40.755775,-73.97466666666666,13.333333333333334,15.333333333333334,13.0,12
Friday_13_hrs,7,40.72236,-73.95184,15.2,15.6,13.0,5
Friday_13_hrs,13,40.77655,-73.96453333333334,11.0,15.0,13.0,6
Friday_13_hrs,1,40.724314285714286,-73.99792857142857,14.0,15.428571428571429,13.0,7
Friday_13_hrs,6,40.7699,-73.87016666666666,13.333333333333334,15.333333333333334,13.0,3
Friday_13_hrs,10,40.769675,-73.9964,14.5,15.5,13.0,4
Friday_13_hrs,19,40.71296666666667,-74.00763333333333,18.0,16.0,13.0,6
Friday_14_hrs,1,40.72686,-73.99619333333334,14.733333333333333,15.533333333333333,14.0,15
Friday_14_hrs,13,40.773922222222225,-73.95947777777778,11.0,15.0,14.0,9
Friday_14_hrs,0,40.754665,-73.97668,15.9,15.7,14.0,20
Friday_14_hrs,9,40.74227272727273,-73.99677272727273,16.727272727272727,15.818181818181818,14.0,11
Friday_14_hrs,19,40.709649999999996,-74.00815,11.0,15.0,14.0,4
Friday_14_hrs,10,40.76365714285714,-73.98448571428571,11.0,15.0,14.0,7
Friday_15_hrs,13,40.774919999999995,-73.96367333333333,8.666666666666666,14.666666666666666,15.0,15
Friday_15_hrs,9,40.74349130434782,-73.99187391304348,13.434782608695652,15.347826086956522,15.0,23
Friday_15_hrs,0,40.75764827586207,-73.97612758620689,14.379310344827585,15.482758620689655,15.0,29
Friday_15_hrs,10,40.76132,-73.99026,11.0,15.0,15.0,5
Friday_15_hrs,1,40.72454285714286,-73.9956,14.5,15.5,15.0,14
Friday_15_hrs,19,40.71108181818182,-74.00884545454545,11.0,15.0,15.0,11
Friday_15_hrs,16,40.683175,-73.989175,9.25,14.75,15.0,4
Friday_16_hrs,12,40.82018,-73.9516,9.6,14.8,16.0,5
Friday_16_hrs,0,40.75685769230769,-73.97493076923077,15.307692307692308,15.615384615384615,16.0,26
Friday_16_hrs,10,40.76654545454546,-73.98841818181818,12.909090909090908,15.272727272727273,16.0,11
Friday_16_hrs,13,40.77648947368421,-73.96647894736843,14.68421052631579,15.526315789473685,16.0,19
Friday_16_hrs,19,40.71113636363636,-74.011,9.090909090909092,14.727272727272727,16.0,11
Friday_16_hrs,9,40.74526818181818,-73.99822272727273,15.136363636363637,15.590909090909092,16.0,22
Friday_16_hrs,1,40.726661111111106,-73.99084444444445,17.22222222222222,15.88888888888889,16.0,18
Friday_16_hrs,16,40.67993333333333,-73.97053333333334,8.666666666666666,14.666666666666666,16.0,3
Friday_17_hrs,0,40.75544615384615,-73.97657307692307,12.076923076923077,15.153846153846153,17.0,26
Friday_17_hrs,9,40.74262777777778,-73.99533333333333,10.61111111111111,14.944444444444445,17.0,18
Friday_17_hrs,1,40.7253,-73.99768181818182,13.545454545454545,15.363636363636363,17.0,11
Friday_17_hrs,13,40.78022,-73.96389,8.9,14.7,17.0,10
Friday_17_hrs,19,40.71448461538462,-74.00850769230769,16.923076923076923,15.846153846153847,17.0,13
Friday_17_hrs,10,40.76356153846154,-73.9884153846154,14.76923076923077,15.538461538461538,17.0,13
Friday_17_hrs,6,40.77155,-73.8716,7.5,14.5,17.0,4
Friday_17_hrs,7,40.71764,-73.95548,19.4,16.2,17.0,5
Friday_17_hrs,12,40.814800000000005,-73.95298,16.6,15.8,17.0,5
Friday_18_hrs,10,40.765366666666665,-73.98668666666667,12.866666666666667,15.266666666666667,18.0,15
Friday_18_hrs,9,40.74238,-73.99783714285715,13.2,15.314285714285715,18.0,35
Friday_18_hrs,6,40.757525,-73.866925,18.0,16.0,18.0,4
Friday_18_hrs,0,40.753519999999995,-73.977515,12.05,15.15,18.0,20
Friday_18_hrs,19,40.71282941176471,-74.00718235294119,13.882352941176471,15.411764705882353,18.0,17
Friday_18_hrs,1,40.7271,-73.99598,14.5,15.5,18.0,20
Friday_18_hrs,16,40.689949999999996,-73.9933,4.0,14.0,18.0,2
Friday_18_hrs,13,40.77261111111111,-73.95807777777777,13.333333333333334,15.333333333333334,18.0,9
Friday_18_hrs,20,40.68245,-73.942,11.0,15.0,18.0,4
Friday_19_hrs,9,40.74042222222222,-73.99596666666667,14.5,15.5,19.0,18
Friday_19_hrs,1,40.72727419354838,-73.99567096774193,12.806451612903226,15.258064516129032,19.0,31
Friday_19_hrs,10,40.764475,-73.98524166666667,13.916666666666666,15.416666666666666,19.0,12
Friday_19_hrs,13,40.7758125,-73.9640375,11.875,15.125,19.0,8
Friday_19_hrs,0,40.75466923076923,-73.97361538461539,19.076923076923077,16.153846153846153,19.0,13
Friday_19_hrs,19,40.715476470588236,-74.00753529411764,13.058823529411764,15.294117647058824,19.0,17
Friday_19_hrs,7,40.714733333333335,-73.9545,11.0,15.0,19.0,3
Friday_19_hrs,6,40.768275,-73.873475,11.0,15.0,19.0,4
Friday_19_hrs,12,40.814350000000005,-73.947975,16.25,15.75,19.0,4
Friday_20_hrs,19,40.71332727272728,-74.01028181818182,16.727272727272727,15.818181818181818,20.0,11
Friday_20_hrs,9,40.74058461538462,-74.0022,15.307692307692308,15.615384615384615,20.0,13
Friday_20_hrs,1,40.72772105263158,-73.99472631578946,12.842105263157896,15.263157894736842,20.0,19
Friday_20_hrs,10,40.76533333333334,-73.986,19.166666666666668,16.166666666666668,20.0,6
Friday_20_hrs,7,40.7207625,-73.9536875,14.5,15.5,20.0,8
Friday_20_hrs,12,40.8164,-73.94405,14.5,15.5,20.0,2
Friday_20_hrs,0,40.75615333333334,-73.97512666666667,14.733333333333333,15.533333333333333,20.0,15
Friday_20_hrs,6,40.76893333333333,-73.86396666666667,12.166666666666666,15.166666666666666,20.0,6
Friday_21_hrs,19,40.714800000000004,-74.00888,11.7,15.1,21.0,10
Friday_21_hrs,9,40.742513333333335,-73.99934,13.566666666666666,15.366666666666667,21.0,30
Friday_21_hrs,1,40.7267,-73.99607,12.4,15.2,21.0,20
Friday_21_hrs,16,40.67981666666667,-73.97331666666666,11.0,15.0,21.0,6
Friday_21_hrs,0,40.7549,-73.97856666666667,14.11111111111111,15.444444444444445,21.0,9
Friday_21_hrs,6,40.755250000000004,-73.84970000000001,4.0,14.0,21.0,2
Friday_21_hrs,10,40.764811111111115,-73.98927777777777,16.444444444444443,15.777777777777779,21.0,9
Friday_21_hrs,13,40.7887,-73.96553333333334,11.0,15.0,21.0,3
Friday_21_hrs,3,40.853049999999996,-73.873,11.0,15.0,21.0,2
Friday_22_hrs,10,40.763893333333336,-73.98540666666666,12.866666666666667,15.266666666666667,22.0,15
Friday_22_hrs,1,40.72615882352941,-73.9937705882353,14.705882352941176,15.529411764705882,22.0,17
Friday_22_hrs,9,40.74063243243243,-73.9992,15.91891891891892,15.702702702702704,22.0,37
Friday_22_hrs,16,40.67962,-73.98652,9.6,14.8,22.0,5
Friday_22_hrs,19,40.71518,-74.01229,13.1,15.3,22.0,10
Friday_22_hrs,0,40.758407142857145,-73.97595,13.0,15.285714285714286,22.0,14
Friday_22_hrs,12,40.8026,-73.9377,11.0,15.0,22.0,2
Friday_23_hrs,9,40.739799999999995,-73.99648636363636,16.727272727272727,15.818181818181818,23.0,22
Friday_23_hrs,16,40.67125,-73.9856,7.5,14.5,23.0,2
Friday_23_hrs,7,40.719471428571424,-73.95157142857143,10.0,14.857142857142858,23.0,7
Friday_23_hrs,0,40.75348333333333,-73.97808333333334,18.0,16.0,23.0,6
Friday_23_hrs,1,40.72607391304348,-73.99224782608695,14.347826086956522,15.478260869565217,23.0,23
Friday_23_hrs,13,40.77446666666666,-73.95483333333333,13.333333333333334,15.333333333333334,23.0,3
Friday_23_hrs,10,40.764450000000004,-73.98551666666667,12.166666666666666,15.166666666666666,23.0,6
Friday_23_hrs,12,40.80286666666667,-73.95626666666668,13.333333333333334,15.333333333333334,23.0,3
Saturday_0_hrs,9,40.74134117647059,-73.99648823529412,17.764705882352942,15.823529411764707,0.0,17
Saturday_0_hrs,13,40.765299999999996,-73.95755,8.5,14.5,0.0,2
Saturday_0_hrs,1,40.726391666666665,-73.99454166666666,14.916666666666666,15.416666666666666,0.0,12
Saturday_0_hrs,20,40.68913333333333,-73.93956666666666,19.0,16.0,0.0,3
Saturday_0_hrs,19,40.712275,-74.00785,8.5,14.5,0.0,4
Saturday_0_hrs,12,40.81145,-73.95949999999999,12.0,15.0,0.0,2
Saturday_0_hrs,7,40.71785,-73.95530000000001,20.166666666666668,16.166666666666668,0.0,6
Saturday_0_hrs,0,40.75224,-73.97708,16.2,15.6,0.0,5
Saturday_1_hrs,10,40.76446666666667,-73.9876,14.333333333333334,15.333333333333334,1.0,6
Saturday_1_hrs,1,40.72645,-73.99293333333334,17.833333333333332,15.833333333333334,1.0,18
Saturday_1_hrs,9,40.74057894736842,-74.00464736842105,18.263157894736842,15.894736842105264,1.0,19
Saturday_1_hrs,4,40.634550000000004,-73.98395,8.5,14.5,1.0,2
Saturday_1_hrs,20,40.683475,-73.9336,19.0,16.0,1.0,4
Saturday_1_hrs,0,40.75695714285714,-73.9769,19.0,16.0,1.0,7
Saturday_1_hrs,19,40.714575,-74.0074,17.25,15.75,1.0,4
Saturday_1_hrs,7,40.71693333333334,-73.9429,19.0,16.0,1.0,3
Saturday_2_hrs,1,40.72253333333333,-73.99340000000001,17.444444444444443,15.777777777777779,2.0,9
Saturday_2_hrs,13,40.77885,-73.9511,8.5,14.5,2.0,2
Saturday_3_hrs,10,40.76123333333333,-73.99,16.666666666666668,15.666666666666666,3.0,3
Saturday_3_hrs,9,40.742125,-74.005875,13.75,15.25,3.0,4
Saturday_3_hrs,7,40.711099999999995,-73.95023333333334,14.333333333333334,15.333333333333334,3.0,3
Saturday_4_hrs,9,40.74005,-74.0039,12.0,15.0,4.0,2
Saturday_4_hrs,0,40.7566,-73.9775,15.5,15.5,4.0,2
Saturday_4_hrs,16,40.685249999999996,-73.98505,8.5,14.5,4.0,2
Saturday_5_hrs,16,40.678200000000004,-73.983,15.5,15.5,5.0,2
Saturday_7_hrs,7,40.718766666666674,-73.95846666666667,12.0,15.0,7.0,3
Saturday_7_hrs,20,40.677899999999994,-73.95230000000001,15.5,15.5,7.0,2
Saturday_8_hrs,9,40.741975,-73.995075,15.5,15.5,8.0,4
Saturday_8_hrs,16,40.671825,-73.97755000000001,17.25,15.75,8.0,4
Saturday_9_hrs,0,40.75396666666666,-73.9772,10.833333333333334,14.833333333333334,9.0,6
Saturday_9_hrs,9,40.7412,-73.98904999999999,15.5,15.5,9.0,4
Saturday_9_hrs,1,40.72492,-73.9984,16.2,15.6,9.0,5
Saturday_9_hrs,13,40.78515,-73.96995,12.0,15.0,9.0,4
Saturday_10_hrs,9,40.7408,-73.99926666666666,14.333333333333334,15.333333333333334,10.0,3
Saturday_10_hrs,16,40.67395,-73.98207500000001,10.25,14.75,10.0,4
Saturday_11_hrs,1,40.72661111111111,-73.9906,16.666666666666668,15.666666666666666,11.0,9
Saturday_11_hrs,7,40.72175,-73.96055,15.5,15.5,11.0,2
Saturday_11_hrs,20,40.68115,-73.93430000000001,12.0,15.0,11.0,2
Saturday_11_hrs,13,40.7832375,-73.95875,17.25,15.75,11.0,8
Saturday_11_hrs,12,40.84545,-73.958,8.5,14.5,11.0,2
Saturday_11_hrs,10,40.765033333333335,-73.98786666666666,16.666666666666668,15.666666666666666,11.0,6
Saturday_11_hrs,16,40.6895,-73.98386666666666,9.666666666666666,14.666666666666666,11.0,3
Saturday_12_hrs,9,40.74192,-73.99924,7.8,14.4,12.0,5
Saturday_12_hrs,19,40.7178,-74.00715,8.5,14.5,12.0,2
Saturday_12_hrs,7,40.7121,-73.95,12.0,15.0,12.0,3
Saturday_12_hrs,1,40.72722,-73.99782,10.6,14.8,12.0,5
Saturday_12_hrs,6,40.75066666666667,-73.82916666666667,12.0,15.0,12.0,3
Saturday_12_hrs,16,40.67908333333333,-73.98631666666667,9.666666666666666,14.666666666666666,12.0,6
Saturday_12_hrs,0,40.753280000000004,-73.97414,17.6,15.8,12.0,5
Saturday_12_hrs,13,40.774919999999995,-73.95304,12.0,15.0,12.0,5
Saturday_12_hrs,10,40.76315,-73.99085,13.75,15.25,12.0,4
Saturday_13_hrs,16,40.67686666666666,-73.99483333333335,14.333333333333334,15.333333333333334,13.0,3
Saturday_13_hrs,1,40.72447777777778,-73.9913,17.444444444444443,15.777777777777779,13.0,9
Saturday_13_hrs,13,40.78496666666667,-73.97313333333334,9.666666666666666,14.666666666666666,13.0,3
Saturday_13_hrs,9,40.73952857142857,-73.99485714285713,17.0,15.714285714285714,13.0,7
Saturday_13_hrs,0,40.75578,-73.97252,19.0,16.0,13.0,5
Saturday_14_hrs,9,40.743818181818185,-73.99964545454544,15.818181818181818,15.545454545454545,14.0,11
Saturday_14_hrs,1,40.7251,-73.99613,14.8,15.4,14.0,10
Saturday_14_hrs,0,40.75282,-73.98088,13.4,15.2,14.0,5
Saturday_14_hrs,10,40.7624,-73.99213333333334,16.666666666666668,15.666666666666666,14.0,3
Saturday_14_hrs,13,40.774100000000004,-73.9386,14.333333333333334,15.333333333333334,14.0,3
Saturday_14_hrs,2,40.644075,-73.783625,17.25,15.75,14.0,4
Saturday_15_hrs,1,40.72535882352941,-73.99432352941177,16.529411764705884,15.647058823529411,15.0,17
Saturday_15_hrs,9,40.74228333333333,-74.001075,13.166666666666666,15.166666666666666,15.0,12
Saturday_15_hrs,10,40.7658,-73.98976666666667,16.666666666666668,15.666666666666666,15.0,6
Saturday_15_hrs,19,40.71391666666667,-74.00556666666667,20.166666666666668,16.166666666666668,15.0,6
Saturday_15_hrs,16,40.6801625,-73.98282499999999,21.625,16.375,15.0,8
Saturday_15_hrs,7,40.7208,-73.93730000000001,16.666666666666668,15.666666666666666,15.0,3
Saturday_15_hrs,13,40.777925,-73.9599,18.125,15.875,15.0,8
Saturday_15_hrs,0,40.75735,-73.9734375,15.5,15.5,15.0,8
Saturday_16_hrs,0,40.75666666666667,-73.97509333333333,14.333333333333334,15.333333333333334,16.0,15
Saturday_16_hrs,9,40.74186666666667,-73.99549444444443,16.666666666666668,15.666666666666666,16.0,18
Saturday_16_hrs,20,40.6785,-73.94715,12.0,15.0,16.0,2
Saturday_16_hrs,1,40.72457894736842,-73.99336315789473,17.894736842105264,15.842105263157896,16.0,19
Saturday_16_hrs,13,40.77326363636364,-73.95904545454545,16.454545454545453,15.636363636363637,16.0,11
Saturday_16_hrs,16,40.6778125,-73.995175,16.375,15.625,16.0,8
Saturday_16_hrs,7,40.720685714285715,-73.95735714285715,15.0,15.428571428571429,16.0,7
Saturday_16_hrs,10,40.76614285714286,-73.98965714285714,11.0,14.857142857142858,16.0,7
Saturday_17_hrs,19,40.71348571428571,-74.00662142857142,16.5,15.642857142857142,17.0,14
Saturday_17_hrs,6,40.75363333333333,-73.83569999999999,5.0,14.0,17.0,3
Saturday_17_hrs,9,40.745753846153846,-73.99871538461538,17.384615384615383,15.76923076923077,17.0,13
Saturday_17_hrs,0,40.75518181818182,-73.97545454545455,17.09090909090909,15.727272727272727,17.0,11
Saturday_17_hrs,1,40.72484375,-73.99373125,18.125,15.875,17.0,16
Saturday_17_hrs,10,40.7629,-73.98978571428572,15.0,15.428571428571429,17.0,7
Saturday_17_hrs,13,40.7762125,-73.95903750000001,16.375,15.625,17.0,8
Saturday_17_hrs,20,40.68475,-73.937175,19.0,16.0,17.0,4
Saturday_18_hrs,7,40.71156666666667,-73.94843333333334,14.333333333333334,15.333333333333334,18.0,3
Saturday_18_hrs,20,40.67673333333334,-73.957,9.666666666666666,14.666666666666666,18.0,3
Saturday_18_hrs,10,40.76999,-73.98383,14.1,15.3,18.0,10
Saturday_18_hrs,19,40.7110875,-74.0046875,14.625,15.375,18.0,8
Saturday_18_hrs,16,40.685475,-73.9872,16.375,15.625,18.0,8
Saturday_18_hrs,1,40.72665555555555,-73.99412777777778,16.27777777777778,15.61111111111111,18.0,18
Saturday_18_hrs,9,40.744315,-73.998645,16.9,15.7,18.0,20
Saturday_18_hrs,0,40.75555333333333,-73.97315333333333,14.333333333333334,15.333333333333334,18.0,15
Saturday_18_hrs,13,40.774530769230765,-73.96146153846153,17.923076923076923,15.846153846153847,18.0,13
Saturday_19_hrs,10,40.764516666666665,-73.98581666666666,15.5,15.5,19.0,6
Saturday_19_hrs,19,40.710325,-74.0066,16.375,15.625,19.0,8
Saturday_19_hrs,16,40.6871375,-73.984875,18.125,15.875,19.0,8
Saturday_19_hrs,7,40.715450000000004,-73.961325,17.25,15.75,19.0,4
Saturday_19_hrs,13,40.77484285714286,-73.96021428571429,16.0,15.571428571428571,19.0,14
Saturday_19_hrs,9,40.74158421052632,-74.00154736842104,16.789473684210527,15.68421052631579,19.0,19
Saturday_19_hrs,0,40.75536470588235,-73.97199411764707,17.764705882352942,15.823529411764707,19.0,17
Saturday_19_hrs,1,40.72458,-73.99314,15.5,15.5,19.0,10
Saturday_19_hrs,20,40.66556666666667,-73.9341,14.333333333333334,15.333333333333334,19.0,3
Saturday_19_hrs,2,40.646100000000004,-73.78275,12.0,15.0,19.0,2
Saturday_20_hrs,0,40.75628571428571,-73.96825714285714,12.0,15.0,20.0,7
Saturday_20_hrs,19,40.71366666666667,-74.01298888888888,16.666666666666668,15.666666666666666,20.0,9
Saturday_20_hrs,7,40.713100000000004,-73.95356666666667,5.0,14.0,20.0,3
Saturday_20_hrs,1,40.725511764705885,-73.99375294117647,17.352941176470587,15.764705882352942,20.0,17
Saturday_20_hrs,9,40.74159230769231,-73.99636923076923,17.384615384615383,15.76923076923077,20.0,26
Saturday_20_hrs,4,40.6205,-73.99025,8.5,14.5,20.0,2
Saturday_20_hrs,20,40.68012,-73.93268,9.2,14.6,20.0,5
Saturday_20_hrs,13,40.77665714285714,-73.9651,21.0,16.285714285714285,20.0,7
Saturday_21_hrs,19,40.7078125,-74.000475,15.5,15.5,21.0,8
Saturday_21_hrs,0,40.757641666666665,-73.97751666666666,21.916666666666668,16.416666666666668,21.0,12
Saturday_21_hrs,9,40.74321818181818,-73.99577272727272,12.0,15.0,21.0,11
Saturday_21_hrs,7,40.71214,-73.94958,9.2,14.6,21.0,5
Saturday_21_hrs,10,40.762788888888885,-73.98708888888889,15.11111111111111,15.444444444444445,21.0,9
Saturday_21_hrs,1,40.7241,-73.99184166666667,15.791666666666666,15.541666666666666,21.0,24
Saturday_21_hrs,12,40.815466666666666,-73.94846666666668,14.333333333333334,15.333333333333334,21.0,3
Saturday_22_hrs,1,40.72593928571428,-73.99645,14.5,15.357142857142858,22.0,28
Saturday_22_hrs,0,40.75825555555556,-73.97777777777779,15.88888888888889,15.555555555555555,22.0,9
Saturday_22_hrs,19,40.7121,-74.00498888888889,14.333333333333334,15.333333333333334,22.0,9
Saturday_22_hrs,9,40.74145789473685,-74.00311052631578,13.105263157894736,15.157894736842104,22.0,19
Saturday_22_hrs,20,40.68355,-73.935975,20.75,16.25,22.0,4
Saturday_22_hrs,7,40.71064,-73.95088,17.6,15.8,22.0,5
Saturday_22_hrs,10,40.76502857142857,-73.98645238095239,20.0,16.142857142857142,22.0,21
Saturday_22_hrs,16,40.68715,-73.98338749999999,18.125,15.875,22.0,8
Saturday_22_hrs,13,40.774175,-73.9576875,14.625,15.375,22.0,8
Saturday_23_hrs,10,40.7682,-73.98408,9.2,14.6,23.0,5
Saturday_23_hrs,9,40.74146333333333,-73.99923333333332,11.3,14.9,23.0,30
Saturday_23_hrs,0,40.75378888888889,-73.97111111111111,14.333333333333334,15.333333333333334,23.0,9
Saturday_23_hrs,1,40.72791111111111,-73.99525555555556,14.592592592592593,15.37037037037037,23.0,27
Saturday_23_hrs,20,40.689099999999996,-73.923975,15.5,15.5,23.0,4
Saturday_23_hrs,19,40.716033333333336,-74.01223333333333,19.0,16.0,23.0,6
Saturday_23_hrs,13,40.76925,-73.95333333333333,21.333333333333332,16.333333333333332,23.0,6
Sunday_0_hrs,7,40.71644,-73.95392,8.8,14.4,0.0,5
Sunday_0_hrs,9,40.74062903225806,-74.00055161290322,14.806451612903226,15.258064516129032,0.0,31
Sunday_0_hrs,1,40.72629555555555,-73.99250444444444,17.355555555555554,15.622222222222222,0.0,45
Sunday_0_hrs,19,40.7151,-74.00345,16.5,15.5,0.0,2
Sunday_0_hrs,0,40.7558,-73.97,13.0,15.0,0.0,5
Sunday_0_hrs,12,40.82115,-73.9465,13.0,15.0,0.0,2
Sunday_1_hrs,9,40.740362499999996,-74.00349583333333,17.375,15.625,1.0,24
Sunday_1_hrs,19,40.71665,-74.01514999999999,17.666666666666668,15.666666666666666,1.0,6
Sunday_1_hrs,1,40.72535,-73.99504166666667,20.0,16.0,1.0,12
Sunday_2_hrs,19,40.7184,-74.003,9.5,14.5,2.0,2
Sunday_2_hrs,9,40.73985,-74.00503333333334,17.666666666666668,15.666666666666666,2.0,6
Sunday_3_hrs,1,40.7234,-73.99595,13.0,15.0,3.0,4
Sunday_3_hrs,9,40.7413125,-74.002,13.875,15.125,3.0,8
Sunday_3_hrs,19,40.7106,-74.01115,9.5,14.5,3.0,2
Sunday_4_hrs,1,40.72762,-73.99024,14.4,15.2,4.0,5
Sunday_4_hrs,7,40.7129,-73.93316666666668,10.666666666666666,14.666666666666666,4.0,3
Sunday_5_hrs,7,40.71798,-73.94008,15.8,15.4,5.0,5
Sunday_5_hrs,16,40.693349999999995,-73.99955,13.0,15.0,5.0,2
Sunday_5_hrs,0,40.7531,-73.95415,9.5,14.5,5.0,2
Sunday_7_hrs,13,40.776833333333336,-73.9694,8.333333333333334,14.333333333333334,7.0,3
Sunday_7_hrs,16,40.6855,-73.96966666666667,15.333333333333334,15.333333333333334,7.0,3
Sunday_7_hrs,10,40.76315,-73.98734999999999,9.5,14.5,7.0,2
Sunday_8_hrs,13,40.772600000000004,-73.9687,13.0,15.0,8.0,3
Sunday_8_hrs,1,40.726725,-73.996475,20.0,16.0,8.0,4
Sunday_8_hrs,0,40.7504,-73.97005,13.0,15.0,8.0,2
Sunday_9_hrs,9,40.73865,-73.9961,9.5,14.5,9.0,2
Sunday_9_hrs,0,40.75896666666667,-73.9685,13.0,15.0,9.0,3
Sunday_9_hrs,1,40.72386,-73.99234,13.0,15.0,9.0,5
Sunday_10_hrs,9,40.7432,-73.99857272727273,13.0,15.0,10.0,11
Sunday_10_hrs,19,40.716057142857146,-74.01057142857142,17.0,15.571428571428571,10.0,7
Sunday_10_hrs,16,40.687174999999996,-73.98375,16.5,15.5,10.0,4
Sunday_10_hrs,10,40.76456,-73.98338,18.6,15.8,10.0,5
Sunday_11_hrs,1,40.72738,-73.98798000000001,14.4,15.2,11.0,5
Sunday_11_hrs,0,40.7551,-73.97601666666667,18.833333333333332,15.833333333333334,11.0,6
Sunday_11_hrs,4,40.589200000000005,-73.96305000000001,6.0,14.0,11.0,2
Sunday_11_hrs,10,40.766980000000004,-73.98324,18.6,15.8,11.0,5
Sunday_11_hrs,19,40.714075,-74.007,20.0,16.0,11.0,4
Sunday_11_hrs,13,40.77708,-73.96556000000001,17.2,15.6,11.0,5
Sunday_11_hrs,9,40.74418333333333,-74.00086666666667,17.666666666666668,15.666666666666666,11.0,6
Sunday_12_hrs,0,40.752325,-73.968625,16.5,15.5,12.0,4
Sunday_12_hrs,9,40.7444625,-74.000125,13.875,15.125,12.0,8
Sunday_12_hrs,1,40.72436666666667,-73.99453333333334,10.666666666666666,14.666666666666666,12.0,3
Sunday_13_hrs,13,40.7757,-73.95404,21.4,16.2,13.0,5
Sunday_13_hrs,16,40.68528333333334,-73.98376666666667,17.666666666666668,15.666666666666666,13.0,6
Sunday_13_hrs,1,40.7247875,-73.9917,14.75,15.25,13.0,8
Sunday_13_hrs,2,40.684200000000004,-73.7644,9.5,14.5,13.0,2
Sunday_13_hrs,0,40.75771428571429,-73.96942857142857,20.0,16.0,13.0,7
Sunday_14_hrs,16,40.686099999999996,-73.9832,14.75,15.25,14.0,4
Sunday_14_hrs,7,40.707300000000004,-73.9593,16.5,15.5,14.0,2
Sunday_14_hrs,0,40.758114285714285,-73.97321428571429,16.0,15.428571428571429,14.0,7
Sunday_14_hrs,19,40.71328571428571,-74.00872857142858,18.0,15.714285714285714,14.0,7
Sunday_14_hrs,1,40.72370909090909,-73.99647272727272,21.90909090909091,16.272727272727273,14.0,11
Sunday_14_hrs,10,40.76722222222222,-73.98706666666666,20.77777777777778,16.11111111111111,14.0,9
Sunday_14_hrs,9,40.7429125,-74.0032375,18.25,15.75,14.0,8
Sunday_14_hrs,13,40.77635,-73.961175,11.25,14.75,14.0,4
Sunday_15_hrs,7,40.716366666666666,-73.9513,15.333333333333334,15.333333333333334,15.0,3
Sunday_15_hrs,13,40.78066666666667,-73.964325,11.833333333333334,14.833333333333334,15.0,12
Sunday_15_hrs,19,40.705225,-74.02405,13.0,15.0,15.0,4
Sunday_15_hrs,9,40.740190909090906,-73.99217272727273,17.454545454545453,15.636363636363637,15.0,11
Sunday_15_hrs,1,40.723675,-73.993825,9.5,14.5,15.0,4
Sunday_15_hrs,16,40.677,-73.97988000000001,15.8,15.4,15.0,5
Sunday_16_hrs,10,40.766,-73.98570000000001,13.777777777777779,15.11111111111111,16.0,9
Sunday_16_hrs,1,40.7231,-73.9932,16.11111111111111,15.444444444444445,16.0,9
Sunday_16_hrs,9,40.741763636363636,-73.99566363636364,17.454545454545453,15.636363636363637,16.0,11
Sunday_16_hrs,0,40.75536666666667,-73.97703333333334,10.666666666666666,14.666666666666666,16.0,3
Sunday_16_hrs,6,40.76845,-73.88335000000001,16.5,15.5,16.0,2
Sunday_17_hrs,9,40.7407,-73.99882,13.0,15.0,17.0,10
Sunday_17_hrs,13,40.77556666666667,-73.96536666666667,15.333333333333334,15.333333333333334,17.0,6
Sunday_17_hrs,1,40.724442857142854,-73.99497142857142,22.0,16.285714285714285,17.0,7
Sunday_17_hrs,2,40.64533333333333,-73.78949999999999,8.333333333333334,14.333333333333334,17.0,3
Sunday_17_hrs,19,40.71118,-74.0113,13.0,15.0,17.0,5
Sunday_17_hrs,12,40.82255,-73.955,16.5,15.5,17.0,2
Sunday_17_hrs,7,40.71393333333334,-73.95853333333334,17.666666666666668,15.666666666666666,17.0,3
Sunday_17_hrs,16,40.6821,-73.99346666666666,10.666666666666666,14.666666666666666,17.0,3
Sunday_17_hrs,10,40.76315,-73.985625,13.0,15.0,17.0,4
Sunday_18_hrs,1,40.73032,-73.99234,14.4,15.2,18.0,5
Sunday_18_hrs,0,40.75838,-73.97136,14.4,15.2,18.0,5
Sunday_18_hrs,13,40.7744,-73.96014,11.6,14.8,18.0,5
Sunday_18_hrs,9,40.74306,-73.99087999999999,17.2,15.6,18.0,5
Sunday_19_hrs,7,40.720666666666666,-73.92763333333333,13.0,15.0,19.0,3
Sunday_19_hrs,19,40.70822,-74.00276,20.0,16.0,19.0,5
Sunday_19_hrs,9,40.7419,-73.99896,18.6,15.8,19.0,5
Sunday_19_hrs,6,40.769800000000004,-73.86439999999999,9.5,14.5,19.0,2
Sunday_19_hrs,10,40.7712,-73.984675,16.5,15.5,19.0,4
Sunday_20_hrs,19,40.7150375,-74.013225,13.875,15.125,20.0,8
Sunday_20_hrs,0,40.75802,-73.9725,18.6,15.8,20.0,5
Sunday_20_hrs,1,40.72584285714286,-73.99642857142858,19.0,15.857142857142858,20.0,7
Sunday_21_hrs,16,40.68683333333333,-73.97616666666666,13.0,15.0,21.0,3
Sunday_21_hrs,1,40.72853333333333,-73.9929,14.166666666666666,15.166666666666666,21.0,6
Sunday_21_hrs,10,40.763466666666666,-73.98326666666667,17.666666666666668,15.666666666666666,21.0,3
Sunday_21_hrs,19,40.720150000000004,-74.0098,13.0,15.0,21.0,2
Sunday_21_hrs,0,40.7484,-73.97776666666665,20.0,16.0,21.0,3
Sunday_22_hrs,7,40.7273,-73.96095,13.0,15.0,22.0,2
Sunday_22_hrs,9,40.74258571428572,-73.99445714285714,17.0,15.571428571428571,22.0,7
Sunday_22_hrs,19,40.7153,-74.0149,16.5,15.5,22.0,6
Sunday_22_hrs,0,40.7588,-73.9748,6.0,14.0,22.0,2
Sunday_23_hrs,12,40.816825,-73.94059999999999,18.25,15.75,23.0,4
Sunday_23_hrs,9,40.74765,-73.99595,16.5,15.5,23.0,2
Sunday_23_hrs,2,40.646249999999995,-73.78585,18.25,15.75,23.0,4
Monday_3_hrs,9,40.74265,-73.99195,10.5,15.5,3.0,2
Monday_4_hrs,2,40.646,-73.77695,17.5,16.5,4.0,2
Monday_5_hrs,16,40.682759999999995,-73.98348,16.8,16.4,5.0,5
Monday_5_hrs,19,40.70992,-74.00448,15.4,16.2,5.0,5
Monday_5_hrs,1,40.7256625,-73.9901875,14.875,16.125,5.0,8
Monday_5_hrs,13,40.78058,-73.963,16.8,16.4,5.0,5
Monday_6_hrs,1,40.72722857142857,-73.99245714285715,17.0,16.428571428571427,6.0,7
Monday_6_hrs,20,40.67945,-73.9145,17.5,16.5,6.0,2
Monday_6_hrs,9,40.741225,-74.0022,17.5,16.5,6.0,4
Monday_6_hrs,13,40.77827777777778,-73.95673888888888,16.72222222222222,16.38888888888889,6.0,18
Monday_6_hrs,0,40.751325,-73.974775,8.75,15.25,6.0,4
Monday_6_hrs,2,40.64665,-73.7826,17.5,16.5,6.0,2
Monday_6_hrs,7,40.71625,-73.93555,10.5,15.5,6.0,2
Monday_6_hrs,6,40.77365,-73.87899999999999,10.5,15.5,6.0,2
Monday_7_hrs,0,40.74946,-73.97066,15.4,16.2,7.0,5
Monday_7_hrs,9,40.74371111111111,-74.00262222222221,15.555555555555555,16.22222222222222,7.0,9
Monday_7_hrs,1,40.72508571428572,-73.99293571428572,18.5,16.642857142857142,7.0,14
Monday_7_hrs,13,40.77956,-73.96387,16.8,16.4,7.0,20
Monday_7_hrs,10,40.76971111111111,-73.99073333333334,21.0,17.0,7.0,9
Monday_7_hrs,20,40.673300000000005,-73.91886666666666,9.333333333333334,15.333333333333334,7.0,3
Monday_7_hrs,6,40.760720000000006,-73.87368,21.0,17.0,7.0,5
Monday_8_hrs,13,40.78021428571429,-73.96085714285714,17.0,16.428571428571427,8.0,7
Monday_8_hrs,16,40.68504,-73.98184,15.4,16.2,8.0,5
Monday_8_hrs,10,40.7671,-73.98965,14.0,16.0,8.0,4
Monday_8_hrs,0,40.75803333333334,-73.97456666666666,21.0,17.0,8.0,3
Monday_8_hrs,1,40.72512222222222,-73.98767777777778,18.666666666666668,16.666666666666668,8.0,9
Monday_8_hrs,9,40.74376363636364,-73.9991909090909,19.09090909090909,16.727272727272727,8.0,11
Monday_9_hrs,13,40.7818125,-73.9623625,13.125,15.875,9.0,8
Monday_9_hrs,6,40.761224999999996,-73.87440000000001,14.0,16.0,9.0,4
Monday_9_hrs,1,40.72346666666667,-73.98781666666666,14.0,16.0,9.0,6
Monday_10_hrs,13,40.78392,-73.96332,16.8,16.4,10.0,5
Monday_10_hrs,10,40.7648,-73.98610000000001,15.166666666666666,16.166666666666668,10.0,6
Monday_10_hrs,1,40.72695,-73.993475,17.5,16.5,10.0,4
Monday_10_hrs,5,40.693349999999995,-74.17935,7.0,15.0,10.0,2
Monday_10_hrs,0,40.7529,-73.9767,10.5,15.5,10.0,4
Monday_10_hrs,9,40.7431,-73.99028000000001,18.2,16.6,10.0,5
Monday_11_hrs,5,40.6917,-74.18045000000001,10.5,15.5,11.0,2
Monday_11_hrs,0,40.75327142857143,-73.97714285714287,17.0,16.428571428571427,11.0,7
Monday_11_hrs,20,40.6896,-73.91865,10.5,15.5,11.0,2
Monday_12_hrs,9,40.7408,-74.00903333333333,18.666666666666668,16.666666666666668,12.0,6
Monday_12_hrs,10,40.76755,-73.98339999999999,14.0,16.0,12.0,2
Monday_13_hrs,0,40.753879999999995,-73.97287,17.5,16.5,13.0,10
Monday_13_hrs,6,40.772549999999995,-73.86875,17.5,16.5,13.0,2
Monday_13_hrs,1,40.7274,-73.99542222222222,14.777777777777779,16.11111111111111,13.0,9
Monday_13_hrs,13,40.7832,-73.9640875,17.5,16.5,13.0,8
Monday_13_hrs,16,40.686933333333336,-73.9817,16.333333333333332,16.333333333333332,13.0,3
Monday_13_hrs,19,40.7132,-74.0082,11.666666666666666,15.666666666666666,13.0,3
Monday_13_hrs,9,40.74216,-73.99213999999999,18.9,16.7,13.0,10
Monday_14_hrs,0,40.75738,-73.97226,16.1,16.3,14.0,10
Monday_14_hrs,1,40.729325,-73.9934125,14.875,16.125,14.0,8
Monday_14_hrs,13,40.77346,-73.96188,18.2,16.6,14.0,5
Monday_14_hrs,7,40.712900000000005,-73.953,15.75,16.25,14.0,4
Monday_14_hrs,9,40.74626,-73.99956999999999,18.9,16.7,14.0,10
Monday_14_hrs,19,40.70876666666667,-74.00750000000001,11.666666666666666,15.666666666666666,14.0,3
Monday_14_hrs,12,40.814800000000005,-73.91935000000001,14.0,16.0,14.0,2
Monday_14_hrs,10,40.76481428571429,-73.98530000000001,19.0,16.714285714285715,14.0,7
Monday_15_hrs,9,40.742081818181816,-73.9944,17.181818181818183,16.454545454545453,15.0,11
Monday_15_hrs,12,40.81416,-73.94944000000001,15.4,16.2,15.0,5
Monday_15_hrs,0,40.7554875,-73.97605625,19.6875,16.8125,15.0,16
Monday_15_hrs,13,40.7726125,-73.9606625,20.125,16.875,15.0,8
Monday_15_hrs,16,40.68013333333334,-73.98853333333334,11.666666666666666,15.666666666666666,15.0,3
Monday_15_hrs,20,40.68285,-73.94890000000001,14.0,16.0,15.0,2
Monday_15_hrs,1,40.72643636363637,-73.9957,17.181818181818183,16.454545454545453,15.0,11
Monday_15_hrs,19,40.7125,-74.0069,19.833333333333332,16.833333333333332,15.0,6
Monday_15_hrs,2,40.64762,-73.76088,23.8,17.4,15.0,5
Monday_16_hrs,1,40.725500000000004,-74.00294285714287,19.0,16.714285714285715,16.0,7
Monday_16_hrs,9,40.743542857142856,-73.99390000000001,15.0,16.142857142857142,16.0,14
Monday_16_hrs,0,40.755271428571426,-73.97793214285714,16.75,16.392857142857142,16.0,28
Monday_16_hrs,19,40.71046666666667,-74.00838333333333,14.0,16.0,16.0,6
Monday_16_hrs,13,40.776636363636364,-73.9572,15.909090909090908,16.272727272727273,16.0,11
Monday_16_hrs,10,40.761875,-73.9901125,20.125,16.875,16.0,8
Monday_17_hrs,0,40.7563625,-73.97934166666667,14.291666666666666,16.041666666666668,17.0,24
Monday_17_hrs,19,40.71232222222222,-74.00634444444444,15.555555555555555,16.22222222222222,17.0,9
Monday_17_hrs,9,40.74298947368421,-73.99757368421052,16.57894736842105,16.36842105263158,17.0,19
Monday_17_hrs,13,40.786814285714286,-73.96555714285715,16.0,16.285714285714285,17.0,7
Monday_17_hrs,10,40.76155833333333,-73.98588333333333,15.166666666666666,16.166666666666668,17.0,12
Monday_17_hrs,1,40.72692142857142,-73.99942142857142,19.5,16.785714285714285,17.0,14
Monday_17_hrs,7,40.71754,-73.93464,21.0,17.0,17.0,5
Monday_18_hrs,1,40.72581111111111,-73.99811666666668,13.222222222222221,15.88888888888889,18.0,18
Monday_18_hrs,10,40.762071428571424,-73.98475714285713,10.0,15.428571428571429,18.0,7
Monday_18_hrs,9,40.74302,-73.99728999999999,17.5,16.5,18.0,20
Monday_18_hrs,13,40.7739,-73.96852,15.4,16.2,18.0,5
Monday_18_hrs,2,40.647400000000005,-73.7801,10.5,15.5,18.0,2
Monday_18_hrs,0,40.75728,-73.97171999999999,15.12,16.16,18.0,25
Monday_18_hrs,19,40.70917142857143,-74.00198571428572,14.0,16.0,18.0,7
Monday_18_hrs,16,40.6795,-73.99045000000001,19.25,16.75,18.0,4
Monday_19_hrs,0,40.7574,-73.976676,14.84,16.12,19.0,25
Monday_19_hrs,10,40.76335454545455,-73.9833,18.454545454545453,16.636363636363637,19.0,11
Monday_19_hrs,9,40.7439,-73.994525,13.125,15.875,19.0,16
Monday_19_hrs,1,40.725346153846154,-73.99733846153846,17.76923076923077,16.53846153846154,19.0,13
Monday_19_hrs,19,40.713833333333326,-74.00915555555555,13.222222222222221,15.88888888888889,19.0,9
Monday_19_hrs,13,40.77654,-73.96115999999999,14.0,16.0,19.0,5
Monday_19_hrs,7,40.723733333333335,-73.9581,18.666666666666668,16.666666666666668,19.0,3
Monday_19_hrs,20,40.681700000000006,-73.9382,17.5,16.5,19.0,2
Monday_20_hrs,1,40.72844,-73.99348,16.8,16.4,20.0,5
Monday_20_hrs,9,40.7395625,-73.9997125,14.875,16.125,20.0,8
Monday_20_hrs,0,40.757266666666666,-73.97285555555555,10.88888888888889,15.555555555555555,20.0,18
Monday_20_hrs,19,40.7083,-74.0012,7.0,15.0,20.0,4
Monday_20_hrs,16,40.68195,-73.980475,14.0,16.0,20.0,4
Monday_20_hrs,10,40.76102,-73.98704000000001,16.8,16.4,20.0,5
Monday_21_hrs,9,40.740922222222224,-73.99357777777777,18.666666666666668,16.666666666666668,21.0,9
Monday_21_hrs,12,40.8133,-73.953225,17.5,16.5,21.0,4
Monday_21_hrs,10,40.76282,-73.98312000000001,15.4,16.2,21.0,5
Monday_21_hrs,16,40.6883,-73.9964,14.0,16.0,21.0,2
Monday_21_hrs,1,40.729371428571426,-74.00018571428572,16.0,16.285714285714285,21.0,7
Monday_21_hrs,19,40.7109125,-74.0145,22.75,17.25,21.0,8
Monday_21_hrs,13,40.7744,-73.9546,14.0,16.0,21.0,3
Monday_21_hrs,0,40.75786,-73.9796,16.1,16.3,21.0,10
Monday_22_hrs,1,40.72742,-73.99278000000001,18.2,16.6,22.0,5
Monday_22_hrs,10,40.763925,-73.984375,17.5,16.5,22.0,4
Monday_22_hrs,6,40.771,-73.8865,16.333333333333332,16.333333333333332,22.0,3
Monday_22_hrs,9,40.7422375,-73.99437499999999,17.5,16.5,22.0,8
Monday_22_hrs,0,40.760175000000004,-73.97565,8.75,15.25,22.0,4
Monday_22_hrs,7,40.7142,-73.9568,10.5,15.5,22.0,2
Monday_23_hrs,9,40.73935,-74.0032,10.5,15.5,23.0,2
Monday_23_hrs,6,40.774,-73.87190000000001,7.0,15.0,23.0,2
Monday_23_hrs,13,40.7792,-73.9507,10.5,15.5,23.0,2
Tuesday_0_hrs,0,40.75696000000001,-73.97798,10.8,15.4,0.0,5
Tuesday_0_hrs,19,40.72045,-74.01035,8.0,15.0,0.0,2
Tuesday_2_hrs,9,40.740750000000006,-74.00534999999999,18.5,16.5,2.0,2
Tuesday_3_hrs,13,40.777233333333335,-73.9638,22.0,17.0,3.0,3
Tuesday_4_hrs,0,40.756499999999996,-73.97413333333334,15.0,16.0,4.0,3
Tuesday_5_hrs,19,40.70766666666666,-74.00326666666668,22.0,17.0,5.0,3
Tuesday_6_hrs,4,40.61566666666667,-74.0157,10.333333333333334,15.333333333333334,6.0,3
Tuesday_6_hrs,6,40.762725,-73.8708,11.5,15.5,6.0,4
Tuesday_7_hrs,10,40.7654,-73.99297142857142,15.0,16.0,7.0,7
Tuesday_7_hrs,16,40.6849,-73.991925,15.0,16.0,7.0,4
Tuesday_8_hrs,6,40.76851428571428,-73.85945714285715,23.0,17.142857142857142,8.0,7
Tuesday_10_hrs,1,40.724599999999995,-74.00215,15.0,16.0,10.0,2
Tuesday_10_hrs,0,40.75745,-73.97431666666667,19.666666666666668,16.666666666666668,10.0,12
Tuesday_10_hrs,10,40.76834,-73.98648,12.2,15.6,10.0,5
Tuesday_12_hrs,7,40.71355,-73.9607,8.0,15.0,12.0,2
Tuesday_12_hrs,19,40.70865,-74.0019,17.333333333333332,16.333333333333332,12.0,6
Tuesday_12_hrs,0,40.7552375,-73.9724375,21.125,16.875,12.0,8
Tuesday_15_hrs,7,40.730900000000005,-73.93979999999999,11.5,15.5,15.0,2
Tuesday_15_hrs,20,40.68195,-73.95845,15.0,16.0,15.0,2
Tuesday_16_hrs,10,40.76485,-73.98327142857144,17.0,16.285714285714285,16.0,14
Tuesday_16_hrs,7,40.7249,-73.95656666666666,22.0,17.0,16.0,3
Tuesday_17_hrs,20,40.69245,-73.9443,11.5,15.5,17.0,2
Tuesday_17_hrs,16,40.68544,-73.97376,22.0,17.0,17.0,5
Tuesday_18_hrs,7,40.717933333333335,-73.95646666666666,15.0,16.0,18.0,3
Tuesday_18_hrs,19,40.7129875,-74.0093375,19.375,16.625,18.0,16
Tuesday_19_hrs,10,40.7633,-73.98313636363636,16.90909090909091,16.272727272727273,19.0,11
Tuesday_20_hrs,16,40.680279999999996,-73.98654,19.2,16.6,20.0,5
Tuesday_20_hrs,13,40.77588,-73.96318,15.0,16.0,20.0,5
Tuesday_21_hrs,5,40.67335,-74.19800000000001,11.5,15.5,21.0,2
Tuesday_21_hrs,6,40.772000000000006,-73.86715000000001,15.0,16.0,21.0,2
Tuesday_22_hrs,9,40.74164444444445,-73.9905111111111,19.666666666666668,16.666666666666668,22.0,9
Tuesday_22_hrs,10,40.76222222222222,-73.98438888888889,18.88888888888889,16.555555555555557,22.0,9
Tuesday_23_hrs,10,40.76316,-73.9915,13.6,15.8,23.0,5
Tuesday_23_hrs,2,40.646699999999996,-73.7829,11.5,15.5,23.0,2
Wednesday_4_hrs,16,40.681933333333326,-73.97833333333334,18.333333333333332,16.333333333333332,4.0,3
Wednesday_4_hrs,10,40.7616,-73.98400000000001,19.5,16.5,4.0,2
Wednesday_5_hrs,10,40.76071666666667,-73.99066666666667,24.166666666666668,17.166666666666668,5.0,6
Wednesday_5_hrs,0,40.75095,-73.9769,9.0,15.0,5.0,2
Wednesday_6_hrs,0,40.76,-73.97136666666667,20.666666666666668,16.666666666666668,6.0,6
Wednesday_6_hrs,2,40.644999999999996,-73.78184999999999,12.5,15.5,6.0,2
Wednesday_6_hrs,9,40.741342857142854,-73.9978,24.0,17.142857142857142,6.0,7
Wednesday_7_hrs,20,40.67536666666667,-73.94896666666666,20.666666666666668,16.666666666666668,7.0,3
Wednesday_9_hrs,9,40.74331111111111,-73.99654444444444,15.222222222222221,15.88888888888889,9.0,9
Wednesday_10_hrs,6,40.77295,-73.870125,23.0,17.0,10.0,4
Wednesday_11_hrs,13,40.77938,-73.96449,19.5,16.5,11.0,10
Wednesday_11_hrs,6,40.76626666666667,-73.87483333333334,17.166666666666668,16.166666666666668,11.0,6
Wednesday_12_hrs,6,40.773066666666665,-73.8702,20.666666666666668,16.666666666666668,12.0,3
Wednesday_12_hrs,9,40.7433,-73.99729166666667,21.25,16.75,12.0,12
Wednesday_12_hrs,1,40.725500000000004,-73.9912625,20.375,16.625,12.0,8
Wednesday_13_hrs,10,40.76571428571429,-73.98678571428572,21.0,16.714285714285715,13.0,7
Wednesday_14_hrs,3,40.871849999999995,-73.902,19.5,16.5,14.0,2
Wednesday_15_hrs,6,40.7727,-73.88585,19.5,16.5,15.0,2
Wednesday_16_hrs,13,40.771525,-73.95645,23.875,17.125,16.0,16
Wednesday_17_hrs,13,40.77531538461538,-73.96056923076922,20.846153846153847,16.692307692307693,17.0,13
Wednesday_17_hrs,16,40.689949999999996,-73.9779,12.5,15.5,17.0,4
Wednesday_17_hrs,6,40.77085,-73.87405,16.0,16.0,17.0,2
Wednesday_17_hrs,2,40.6545,-73.81485,16.0,16.0,17.0,2
Wednesday_17_hrs,12,40.8143,-73.9551,16.0,16.0,17.0,2
Wednesday_17_hrs,20,40.685500000000005,-73.9374,16.0,16.0,17.0,2
Wednesday_18_hrs,6,40.77175,-73.8755,19.5,16.5,18.0,2
Wednesday_18_hrs,7,40.7257,-73.9568,21.25,16.75,18.0,4
Wednesday_19_hrs,7,40.716,-73.962,19.5,16.5,19.0,2
Wednesday_20_hrs,2,40.64565,-73.78575000000001,9.0,15.0,20.0,2
Wednesday_20_hrs,13,40.774766666666665,-73.96390000000001,22.22222222222222,16.88888888888889,20.0,9
Wednesday_21_hrs,12,40.802525,-73.93915000000001,14.25,15.75,21.0,4
Wednesday_21_hrs,2,40.64256666666666,-73.78656666666667,16.0,16.0,21.0,3
Wednesday_21_hrs,19,40.71566666666667,-74.00984444444445,23.77777777777778,17.11111111111111,21.0,9
Wednesday_22_hrs,1,40.72805625,-73.99634375,19.0625,16.4375,22.0,16
Wednesday_22_hrs,2,40.65298,-73.78636,17.4,16.2,22.0,5
Thursday_0_hrs,10,40.7613,-73.98655,13.5,15.5,0.0,4
Thursday_1_hrs,9,40.745050000000006,-74.00479999999999,17.0,16.0,1.0,2
Thursday_3_hrs,1,40.724,-73.98245,13.5,15.5,3.0,2
Thursday_4_hrs,13,40.774,-73.95755,17.0,16.0,4.0,2
Thursday_4_hrs,16,40.669399999999996,-73.9747,17.0,16.0,4.0,2
Thursday_4_hrs,10,40.7629,-73.98150000000001,13.5,15.5,4.0,2
Thursday_4_hrs,19,40.70683333333333,-74.00413333333333,19.333333333333332,16.333333333333332,4.0,3
Thursday_5_hrs,7,40.70785,-73.95224999999999,17.0,16.0,5.0,2
Thursday_5_hrs,10,40.77245,-73.98825,10.0,15.0,5.0,2
Thursday_5_hrs,9,40.739475,-74.000775,15.25,15.75,5.0,4
Thursday_6_hrs,10,40.76611428571429,-73.98525714285714,16.0,15.857142857142858,6.0,7
Thursday_6_hrs,19,40.71302,-74.00604000000001,19.8,16.4,6.0,5
Thursday_6_hrs,20,40.67275,-73.94515,17.0,16.0,6.0,2
Thursday_7_hrs,10,40.76940909090909,-73.98957272727273,18.272727272727273,16.181818181818183,7.0,11
Thursday_7_hrs,16,40.680675,-73.9778,20.5,16.5,7.0,4
Thursday_7_hrs,20,40.676833333333335,-73.94793333333334,12.333333333333334,15.333333333333334,7.0,3
Thursday_8_hrs,20,40.68635,-73.9507,17.0,16.0,8.0,2
Thursday_9_hrs,16,40.678799999999995,-73.97903333333333,17.0,16.0,9.0,3
Thursday_9_hrs,1,40.72637777777778,-73.99267777777777,21.666666666666668,16.666666666666668,9.0,9
Thursday_9_hrs,6,40.7688,-73.8629,13.5,15.5,9.0,2
Thursday_10_hrs,10,40.76265,-73.98548333333333,17.0,16.0,10.0,6
Thursday_10_hrs,13,40.77765,-73.96837500000001,11.75,15.25,10.0,4
Thursday_10_hrs,19,40.714800000000004,-74.01378333333334,20.5,16.5,10.0,6
Thursday_11_hrs,10,40.768566666666665,-73.98323333333333,12.333333333333334,15.333333333333334,11.0,3
Thursday_11_hrs,0,40.75446,-73.97734,11.4,15.2,11.0,5
Thursday_11_hrs,7,40.723725,-73.953875,11.75,15.25,11.0,4
Thursday_11_hrs,2,40.64615,-73.7818,13.5,15.5,11.0,2
Thursday_13_hrs,2,40.646566666666665,-73.7855,17.0,16.0,13.0,3
Thursday_13_hrs,9,40.742740000000005,-73.99322,15.6,15.8,13.0,5
Thursday_14_hrs,1,40.726240000000004,-73.99556,17.0,16.0,14.0,10
Thursday_15_hrs,10,40.763760000000005,-73.98631,15.6,15.8,15.0,10
Thursday_15_hrs,7,40.70875,-73.94200000000001,13.5,15.5,15.0,2
Thursday_15_hrs,16,40.68115,-73.975,13.5,15.5,15.0,2
Thursday_16_hrs,13,40.77698181818182,-73.95554545454546,15.727272727272727,15.818181818181818,16.0,11
Thursday_16_hrs,5,40.691500000000005,-74.1793,17.0,16.0,16.0,2
Thursday_16_hrs,2,40.64566666666666,-73.78286666666666,12.333333333333334,15.333333333333334,16.0,3
Thursday_16_hrs,12,40.8282,-73.945375,17.0,16.0,16.0,4
Thursday_17_hrs,12,40.8037,-73.9638,10.0,15.0,17.0,2
Thursday_17_hrs,6,40.770833333333336,-73.8716,19.333333333333332,16.333333333333332,17.0,3
Thursday_17_hrs,10,40.76474,-73.98952,11.4,15.2,17.0,5
Thursday_19_hrs,2,40.6581,-73.775475,17.0,16.0,19.0,4
Thursday_19_hrs,19,40.70955,-74.0091,13.5,15.5,19.0,2
Thursday_19_hrs,16,40.6762,-73.9719,13.5,15.5,19.0,2
Thursday_20_hrs,2,40.64375,-73.7827,17.0,16.0,20.0,2
Thursday_21_hrs,12,40.816100000000006,-73.93244999999999,10.0,15.0,21.0,2
Thursday_22_hrs,13,40.78406666666667,-73.9688,10.0,15.0,22.0,3
Thursday_23_hrs,16,40.6806,-73.98164,18.4,16.2,23.0,5
Thursday_23_hrs,10,40.76375,-73.98965000000001,13.5,15.5,23.0,2
Friday_3_hrs,9,40.7404,-73.9993,15.666666666666666,15.666666666666666,3.0,3
Friday_5_hrs,13,40.78326666666666,-73.97113333333333,18.0,16.0,5.0,3
Friday_5_hrs,2,40.647400000000005,-73.7799,14.5,15.5,5.0,2
Friday_5_hrs,16,40.67916666666667,-73.9808,18.0,16.0,5.0,3
Friday_6_hrs,20,40.675,-73.93815000000001,18.0,16.0,6.0,2
Friday_6_hrs,1,40.72716666666667,-73.99346666666666,20.333333333333332,16.333333333333332,6.0,3
Friday_7_hrs,0,40.75304,-73.97274,18.0,16.0,7.0,5
Friday_8_hrs,20,40.6719,-73.9499,14.5,15.5,8.0,2
Friday_8_hrs,16,40.682725000000005,-73.985975,19.75,16.25,8.0,4
Friday_9_hrs,12,40.798,-73.95245,18.0,16.0,9.0,2
Friday_9_hrs,7,40.72525,-73.96090000000001,18.0,16.0,9.0,2
Friday_11_hrs,16,40.681066666666666,-73.9698,18.0,16.0,11.0,3
Friday_11_hrs,20,40.7008,-73.9029,14.5,15.5,11.0,2
Friday_12_hrs,12,40.842,-73.94235,18.0,16.0,12.0,2
Friday_13_hrs,2,40.64625,-73.78309999999999,18.0,16.0,13.0,2
Friday_14_hrs,20,40.66713333333333,-73.93816666666667,15.666666666666666,15.666666666666666,14.0,3
Friday_14_hrs,2,40.6455,-73.78514,19.4,16.2,14.0,5
Friday_15_hrs,7,40.71875,-73.95545,11.0,15.0,15.0,2
Friday_15_hrs,6,40.7636,-73.8166,18.0,16.0,15.0,2
Friday_16_hrs,2,40.6515,-73.79450000000001,15.666666666666666,15.666666666666666,16.0,3
Friday_16_hrs,5,40.6914,-74.18015,11.0,15.0,16.0,2
Friday_17_hrs,16,40.67595,-73.9987,18.0,16.0,17.0,2
Friday_18_hrs,7,40.71345,-73.95315,14.5,15.5,18.0,2
Friday_19_hrs,16,40.68145,-73.98795,18.0,16.0,19.0,2
Friday_20_hrs,13,40.78125,-73.96226666666666,19.166666666666668,16.166666666666668,20.0,6
Friday_21_hrs,7,40.7097,-73.9476,18.0,16.0,21.0,4
Friday_22_hrs,7,40.714666666666666,-73.95190000000001,18.0,16.0,22.0,3
Friday_23_hrs,20,40.67573333333333,-73.94526666666667,18.0,16.0,23.0,3
Saturday_0_hrs,10,40.76175,-73.9817,19.0,16.0,0.0,2
Saturday_2_hrs,19,40.71275,-74.00895,19.0,16.0,2.0,2
Saturday_2_hrs,9,40.7419375,-73.999725,21.625,16.375,2.0,8
Saturday_3_hrs,1,40.72651428571429,-73.99432857142857,21.0,16.285714285714285,3.0,7
Saturday_5_hrs,9,40.737500000000004,-73.99586666666666,19.0,16.0,5.0,3
Saturday_6_hrs,2,40.646550000000005,-73.7824,19.0,16.0,6.0,2
Saturday_6_hrs,13,40.78075,-73.96925,12.0,15.0,6.0,2
Saturday_6_hrs,16,40.67766666666667,-73.9823,19.0,16.0,6.0,3
Saturday_7_hrs,9,40.74536666666666,-73.9939,12.0,15.0,7.0,3
Saturday_7_hrs,1,40.726616666666665,-73.99016666666667,20.166666666666668,16.166666666666668,7.0,6
Saturday_7_hrs,0,40.757200000000005,-73.97373333333333,19.0,16.0,7.0,3
Saturday_8_hrs,13,40.77955,-73.96455,15.5,15.5,8.0,2
Saturday_9_hrs,10,40.763133333333336,-73.98646666666667,21.333333333333332,16.333333333333332,9.0,3
Saturday_9_hrs,16,40.667833333333334,-73.98753333333333,19.0,16.0,9.0,3
Saturday_10_hrs,19,40.71613333333334,-74.00653333333334,21.333333333333332,16.333333333333332,10.0,3
Saturday_10_hrs,0,40.7586,-73.96643333333334,14.333333333333334,15.333333333333334,10.0,3
Saturday_10_hrs,7,40.71576666666667,-73.95316666666666,19.0,16.0,10.0,3
Saturday_11_hrs,9,40.74431666666667,-73.99765000000001,17.833333333333332,15.833333333333334,11.0,6
Saturday_11_hrs,19,40.71485,-74.0095,19.0,16.0,11.0,2
Saturday_11_hrs,0,40.76255,-73.971575,20.75,16.25,11.0,4
Saturday_12_hrs,3,40.87585,-73.89505,12.0,15.0,12.0,2
Saturday_13_hrs,19,40.71443333333334,-74.00903333333333,12.0,15.0,13.0,3
Saturday_14_hrs,4,40.6225,-73.97695,12.0,15.0,14.0,2
Saturday_14_hrs,12,40.81595,-73.9452,19.0,16.0,14.0,2
Saturday_16_hrs,19,40.714775,-74.010675,20.75,16.25,16.0,8
Saturday_17_hrs,7,40.71802,-73.95412,20.4,16.2,17.0,5
Saturday_18_hrs,6,40.76336666666666,-73.85376666666667,16.666666666666668,15.666666666666666,18.0,3
Saturday_19_hrs,6,40.749725,-73.885425,17.25,15.75,19.0,4
Saturday_20_hrs,6,40.74606666666667,-73.88733333333333,21.333333333333332,16.333333333333332,20.0,3
Saturday_21_hrs,13,40.779266666666665,-73.95506666666667,19.0,16.0,21.0,3
Saturday_21_hrs,16,40.682275000000004,-73.98295,22.5,16.5,21.0,4
Saturday_22_hrs,12,40.81935,-73.93615,19.0,16.0,22.0,2
Saturday_23_hrs,16,40.6839,-73.99632,19.0,16.0,23.0,5
Saturday_23_hrs,7,40.723425,-73.95735,15.5,15.5,23.0,4
Saturday_23_hrs,12,40.809,-73.95830000000001,19.0,16.0,23.0,2
Sunday_0_hrs,16,40.67808,-73.9947,20.0,16.0,0.0,5
Sunday_0_hrs,10,40.78355,-74.00435,13.0,15.0,0.0,2
Sunday_0_hrs,20,40.680566666666664,-73.95036666666667,22.333333333333332,16.333333333333332,0.0,3
Sunday_1_hrs,20,40.67876666666667,-73.9423,17.666666666666668,15.666666666666666,1.0,3
Sunday_1_hrs,13,40.773666666666664,-73.95843333333333,15.333333333333334,15.333333333333334,1.0,3
Sunday_1_hrs,10,40.76266,-73.99026,21.4,16.2,1.0,5
Sunday_1_hrs,12,40.8053,-73.94915,16.5,15.5,1.0,2
Sunday_2_hrs,1,40.72241666666667,-73.98791666666666,23.5,16.5,2.0,6
Sunday_4_hrs,9,40.74193333333333,-73.99953333333333,17.666666666666668,15.666666666666666,4.0,3
Sunday_7_hrs,1,40.7246,-73.99803333333334,22.333333333333332,16.333333333333332,7.0,3
Sunday_7_hrs,0,40.75813333333333,-73.97353333333332,17.666666666666668,15.666666666666666,7.0,3
Sunday_8_hrs,20,40.6785,-73.9085,20.0,16.0,8.0,2
Sunday_8_hrs,9,40.74135,-73.99895000000001,20.0,16.0,8.0,2
Sunday_9_hrs,13,40.78075,-73.9539,20.0,16.0,9.0,2
Sunday_10_hrs,0,40.75285,-73.965375,14.75,15.25,10.0,4
Sunday_11_hrs,20,40.6731,-73.9502,17.666666666666668,15.666666666666666,11.0,3
Sunday_12_hrs,13,40.7804875,-73.964025,20.0,16.0,12.0,8
Sunday_12_hrs,19,40.7143,-74.0113,20.0,16.0,12.0,3
Sunday_13_hrs,10,40.766059999999996,-73.98744,21.4,16.2,13.0,5
Sunday_13_hrs,20,40.675,-73.94505000000001,16.5,15.5,13.0,2
Sunday_13_hrs,9,40.745066666666666,-74.00515,21.166666666666668,16.166666666666668,13.0,6
Sunday_13_hrs,19,40.713699999999996,-74.00953333333332,20.0,16.0,13.0,3
Sunday_15_hrs,6,40.7795,-73.88593333333334,17.666666666666668,15.666666666666666,15.0,3
Sunday_15_hrs,10,40.76236666666667,-73.98646666666667,17.666666666666668,15.666666666666666,15.0,3
Sunday_15_hrs,4,40.63856666666667,-73.99843333333332,17.666666666666668,15.666666666666666,15.0,3
Sunday_15_hrs,0,40.7581,-73.97455,21.75,16.25,15.0,8
Sunday_15_hrs,2,40.6457,-73.7864,20.0,16.0,15.0,2
Sunday_16_hrs,2,40.64403333333333,-73.78473333333334,20.0,16.0,16.0,3
Sunday_16_hrs,13,40.78010909090909,-73.96244545454546,20.636363636363637,16.09090909090909,16.0,11
Sunday_16_hrs,19,40.7208,-74.02029999999999,20.0,16.0,16.0,2
Sunday_16_hrs,7,40.71695,-73.956125,20.0,16.0,16.0,4
Sunday_17_hrs,0,40.753328571428575,-73.97435714285714,21.0,16.142857142857142,17.0,7
Sunday_18_hrs,10,40.7643,-73.98648333333334,21.166666666666668,16.166666666666668,18.0,6
Sunday_18_hrs,19,40.713,-74.01822,18.6,15.8,18.0,5
Sunday_19_hrs,1,40.72575714285714,-73.99401428571427,20.0,16.0,19.0,7
Sunday_19_hrs,16,40.67955,-73.97905,16.5,15.5,19.0,2
Sunday_19_hrs,2,40.6648,-73.816,16.5,15.5,19.0,2
Sunday_19_hrs,0,40.75605,-73.97826666666667,20.0,16.0,19.0,6
Sunday_19_hrs,12,40.816900000000004,-73.95255,20.0,16.0,19.0,2
Sunday_20_hrs,7,40.71545,-73.949975,21.75,16.25,20.0,4
Sunday_20_hrs,6,40.7718,-73.8677,17.666666666666668,15.666666666666666,20.0,3
Sunday_20_hrs,2,40.64383333333333,-73.78413333333333,15.333333333333334,15.333333333333334,20.0,3
Sunday_20_hrs,13,40.777339999999995,-73.95403999999999,18.6,15.8,20.0,5
Sunday_20_hrs,9,40.74394285714286,-73.99975714285713,21.0,16.142857142857142,20.0,7
Sunday_21_hrs,13,40.78635,-73.95425,20.0,16.0,21.0,2
Sunday_21_hrs,9,40.74485,-73.9957,20.0,16.0,21.0,6
Sunday_22_hrs,13,40.779799999999994,-73.9633,16.5,15.5,22.0,2
Sunday_22_hrs,1,40.715450000000004,-73.99315,20.0,16.0,22.0,2
Sunday_22_hrs,2,40.6448,-73.78353333333332,22.333333333333332,16.333333333333332,22.0,3
Sunday_22_hrs,6,40.7674,-73.87559999999999,21.75,16.25,22.0,4
Sunday_23_hrs,6,40.77283333333333,-73.86993333333334,22.333333333333332,16.333333333333332,23.0,3
Sunday_23_hrs,19,40.71195,-74.00765,13.0,15.0,23.0,2
Sunday_23_hrs,1,40.722166666666666,-73.9858,20.0,16.0,23.0,3
Monday_0_hrs,20,40.68885,-73.90335,21.0,17.0,0.0,2
Monday_0_hrs,10,40.76195,-73.9822,21.0,17.0,0.0,2
Monday_2_hrs,9,40.74185,-73.99465000000001,17.5,16.5,2.0,2
Monday_4_hrs,13,40.7716,-73.95885,21.0,17.0,4.0,2
Monday_4_hrs,9,40.7396,-73.99625,21.0,17.0,4.0,4
Monday_4_hrs,6,40.73005,-73.85875,21.0,17.0,4.0,2
Monday_5_hrs,10,40.77695,-73.9868,14.0,16.0,5.0,2
Monday_5_hrs,7,40.71015,-73.94555,21.0,17.0,5.0,2
Monday_5_hrs,0,40.750525,-73.96090000000001,19.25,16.75,5.0,4
Monday_6_hrs,19,40.71986666666667,-74.00779999999999,18.666666666666668,16.666666666666668,6.0,3
Monday_7_hrs,19,40.7128,-74.000675,14.0,16.0,7.0,4
Monday_8_hrs,6,40.77105,-73.86715,21.0,17.0,8.0,2
Monday_9_hrs,19,40.722899999999996,-74.00945,21.0,17.0,9.0,2
Monday_9_hrs,0,40.75372,-73.9751,23.8,17.4,9.0,5
Monday_10_hrs,20,40.689899999999994,-73.9393,21.0,17.0,10.0,2
Monday_11_hrs,19,40.7068,-73.9979,21.0,17.0,11.0,2
Monday_11_hrs,10,40.7719,-73.9884,21.0,17.0,11.0,2
Monday_11_hrs,16,40.678200000000004,-73.9697,21.0,17.0,11.0,2
Monday_11_hrs,1,40.726459999999996,-73.99312,25.2,17.6,11.0,5
Monday_11_hrs,4,40.64025,-74.0188,17.5,16.5,11.0,2
Monday_12_hrs,0,40.7544625,-73.9758625,20.125,16.875,12.0,8
Monday_12_hrs,16,40.682950000000005,-73.9744,21.0,17.0,12.0,2
Monday_12_hrs,7,40.72,-73.94245000000001,14.0,16.0,12.0,2
Monday_12_hrs,1,40.72612,-73.99658,19.6,16.8,12.0,5
Monday_13_hrs,10,40.76542,-73.9888,19.6,16.8,13.0,5
Monday_14_hrs,2,40.6449,-73.78225,17.5,16.5,14.0,2
Monday_16_hrs,7,40.7128,-73.93719999999999,21.0,17.0,16.0,2
Monday_19_hrs,2,40.64502,-73.78278,23.8,17.4,19.0,5
Monday_20_hrs,12,40.8151,-73.95015000000001,21.0,17.0,20.0,2
Monday_20_hrs,13,40.772999999999996,-73.9572,21.0,17.0,20.0,2
Monday_21_hrs,7,40.71585,-73.9434,21.0,17.0,21.0,2
Monday_22_hrs,19,40.71255,-74.01025000000001,21.0,17.0,22.0,2
Monday_22_hrs,5,40.69485,-74.17830000000001,17.5,16.5,22.0,2
Monday_23_hrs,2,40.646800000000006,-73.77886666666667,21.0,17.0,23.0,3
Tuesday_0_hrs,13,40.78085,-73.96565,22.0,17.0,0.0,2
Tuesday_3_hrs,1,40.720200000000006,-73.9812,15.0,16.0,3.0,2
Tuesday_5_hrs,9,40.74093333333333,-73.99266666666666,19.666666666666668,16.666666666666668,5.0,6
Tuesday_6_hrs,0,40.753225,-73.975975,22.0,17.0,6.0,4
Tuesday_6_hrs,7,40.725049999999996,-73.95925,22.0,17.0,6.0,2
Tuesday_7_hrs,2,40.6459,-73.78555,18.5,16.5,7.0,2
Tuesday_8_hrs,9,40.745557142857145,-74.00044285714286,24.0,17.285714285714285,8.0,7
Tuesday_8_hrs,12,40.82355,-73.94999999999999,15.0,16.0,8.0,2
Tuesday_9_hrs,20,40.66775,-73.95155,18.5,16.5,9.0,2
Tuesday_10_hrs,12,40.825,-73.94135,18.5,16.5,10.0,2
Tuesday_13_hrs,6,40.7658,-73.87620000000001,22.0,17.0,13.0,2
Tuesday_16_hrs,20,40.689499999999995,-73.91675000000001,22.0,17.0,16.0,2
Tuesday_20_hrs,6,40.7731,-73.874225,18.5,16.5,20.0,4
Tuesday_20_hrs,20,40.68285,-73.9479,18.5,16.5,20.0,2
Tuesday_22_hrs,5,40.6878,-74.18185,18.5,16.5,22.0,2
Tuesday_22_hrs,4,40.63035,-73.96025,18.5,16.5,22.0,2
Tuesday_22_hrs,13,40.777499999999996,-73.96546666666667,15.0,16.0,22.0,3
Tuesday_22_hrs,20,40.6721,-73.93233333333335,22.0,17.0,22.0,3
Tuesday_23_hrs,9,40.74068,-74.00280000000001,26.2,17.6,23.0,5
Wednesday_7_hrs,2,40.65715,-73.78200000000001,23.0,17.0,7.0,2
Wednesday_8_hrs,6,40.76983333333333,-73.86436666666667,20.666666666666668,16.666666666666668,8.0,3
Wednesday_9_hrs,16,40.68425,-73.99065,16.0,16.0,9.0,2
Wednesday_10_hrs,12,40.8047,-73.9563,23.0,17.0,10.0,2
Wednesday_11_hrs,7,40.7232,-73.95513333333334,25.333333333333332,17.333333333333332,11.0,3
Wednesday_11_hrs,16,40.67216666666667,-73.9934,25.333333333333332,17.333333333333332,11.0,3
Wednesday_19_hrs,2,40.645025000000004,-73.78382500000001,23.0,17.0,19.0,4
Wednesday_20_hrs,16,40.68004285714285,-73.99072857142858,23.0,17.0,20.0,7
Wednesday_20_hrs,7,40.719875,-73.9535,21.25,16.75,20.0,4
Wednesday_21_hrs,20,40.68155,-73.92410000000001,23.0,17.0,21.0,2
Wednesday_23_hrs,6,40.7713,-73.8677,23.0,17.0,23.0,2
Thursday_0_hrs,9,40.742025,-73.993075,20.5,16.5,0.0,4
Thursday_1_hrs,10,40.76475000000001,-73.98740000000001,17.0,16.0,1.0,2
Thursday_5_hrs,16,40.67765,-73.98585,17.0,16.0,5.0,2
Thursday_6_hrs,2,40.6449,-73.78200000000001,20.5,16.5,6.0,2
Thursday_8_hrs,16,40.687333333333335,-73.98733333333332,21.666666666666668,16.666666666666668,8.0,3
Thursday_11_hrs,6,40.74825,-73.86625,20.5,16.5,11.0,2
Thursday_12_hrs,1,40.72508333333334,-73.99735,20.5,16.5,12.0,6
Thursday_13_hrs,10,40.762550000000005,-73.99835,20.5,16.5,13.0,2
Thursday_14_hrs,3,40.85365,-73.86535,20.5,16.5,14.0,2
Thursday_18_hrs,5,40.67355,-74.1819,17.0,16.0,18.0,2
Thursday_20_hrs,6,40.7697,-73.87145714285714,22.0,16.714285714285715,20.0,7
Thursday_23_hrs,13,40.78365,-73.96735,20.5,16.5,23.0,2
Friday_3_hrs,0,40.7613,-73.96835,21.5,16.5,3.0,2
Friday_9_hrs,6,40.765699999999995,-73.8901,21.5,16.5,9.0,2
Friday_10_hrs,20,40.681999999999995,-73.94906666666667,20.333333333333332,16.333333333333332,10.0,3
Friday_10_hrs,9,40.74763333333333,-73.99256666666666,20.333333333333332,16.333333333333332,10.0,3
Friday_12_hrs,13,40.7772,-73.96275,18.0,16.0,12.0,2
Friday_12_hrs,6,40.74595,-73.8665,21.5,16.5,12.0,2
Friday_20_hrs,16,40.6693,-73.98804999999999,18.0,16.0,20.0,2
Friday_23_hrs,19,40.7188,-74.008725,23.25,16.75,23.0,4
Saturday_7_hrs,10,40.7658,-73.98763333333333,23.666666666666668,16.666666666666668,7.0,3
Saturday_9_hrs,19,40.71013333333334,-74.01203333333332,19.0,16.0,9.0,3
Saturday_9_hrs,7,40.7164,-73.9584,22.5,16.5,9.0,2
Saturday_10_hrs,13,40.769666666666666,-73.95856666666667,23.666666666666668,16.666666666666668,10.0,3
Saturday_12_hrs,20,40.684,-73.94839999999999,22.5,16.5,12.0,2
Saturday_12_hrs,12,40.8282,-73.94755,22.5,16.5,12.0,2
Saturday_13_hrs,20,40.6885,-73.93985,19.0,16.0,13.0,2
Saturday_14_hrs,19,40.707125,-74.00595000000001,24.25,16.75,14.0,4
Saturday_17_hrs,16,40.67855,-73.97217500000001,24.25,16.75,17.0,4
Saturday_20_hrs,10,40.7637,-73.99196666666667,23.666666666666668,16.666666666666668,20.0,3
Saturday_20_hrs,16,40.68645,-73.98885,22.5,16.5,20.0,2
Saturday_21_hrs,20,40.670625,-73.9477,24.25,16.75,21.0,4
Sunday_0_hrs,13,40.7713,-73.96334999999999,23.5,16.5,0.0,2
Sunday_3_hrs,7,40.71993333333334,-73.94566666666667,24.666666666666668,16.666666666666668,3.0,3
Sunday_7_hrs,5,40.71535,-74.21585,23.5,16.5,7.0,2
Sunday_10_hrs,20,40.67165,-73.92785,23.5,16.5,10.0,2
Sunday_11_hrs,6,40.7729,-73.87336666666667,24.666666666666668,16.666666666666668,11.0,3
Sunday_12_hrs,10,40.76625,-73.9957,20.0,16.0,12.0,2
Sunday_12_hrs,16,40.6802,-73.9652,23.5,16.5,12.0,2
Sunday_12_hrs,20,40.6528,-73.9223,23.5,16.5,12.0,2
Sunday_13_hrs,6,40.77093333333333,-73.86583333333333,24.666666666666668,16.666666666666668,13.0,3
Sunday_13_hrs,7,40.718466666666664,-73.95823333333333,24.666666666666668,16.666666666666668,13.0,3
Sunday_14_hrs,6,40.7662,-73.83285000000001,23.5,16.5,14.0,2
Sunday_16_hrs,16,40.6751,-73.97093333333333,24.666666666666668,16.666666666666668,16.0,3
Sunday_17_hrs,20,40.66985,-73.95675,23.5,16.5,17.0,2
Sunday_18_hrs,5,40.6138,-74.17224999999999,23.5,16.5,18.0,2
Sunday_18_hrs,2,40.6455,-73.77959999999999,23.5,16.5,18.0,2
Sunday_19_hrs,13,40.772149999999996,-73.96635,23.5,16.5,19.0,2
Sunday_22_hrs,12,40.8243,-73.9349,23.5,16.5,22.0,2
Sunday_23_hrs,16,40.6775,-73.9704,24.666666666666668,16.666666666666668,23.0,3
Monday_4_hrs,10,40.7586,-73.99065,24.5,17.5,4.0,2
Monday_5_hrs,20,40.676700000000004,-73.95163333333333,25.666666666666668,17.666666666666668,5.0,3
Monday_7_hrs,16,40.6715,-73.971,23.333333333333332,17.333333333333332,7.0,3
Monday_8_hrs,19,40.7108,-74.00540000000001,21.0,17.0,8.0,3
Monday_8_hrs,7,40.72325,-73.953975,24.5,17.5,8.0,4
Monday_9_hrs,10,40.769666666666666,-73.98663333333333,23.333333333333332,17.333333333333332,9.0,3
Monday_10_hrs,6,40.7713,-73.86716666666668,23.333333333333332,17.333333333333332,10.0,3
Monday_11_hrs,6,40.7724,-73.869,24.5,17.5,11.0,2
Monday_11_hrs,9,40.743100000000005,-73.99743333333333,21.0,17.0,11.0,3
Monday_12_hrs,19,40.710519999999995,-74.0097,23.8,17.4,12.0,5
Monday_12_hrs,13,40.776849999999996,-73.96645000000001,24.5,17.5,12.0,2
Monday_15_hrs,3,40.888549999999995,-73.87425,24.5,17.5,15.0,2
Monday_16_hrs,6,40.761050000000004,-73.85176666666666,25.666666666666668,17.666666666666668,16.0,6
Monday_20_hrs,6,40.7729,-73.8709,24.5,17.5,20.0,4
Monday_22_hrs,2,40.64676666666667,-73.7896,23.333333333333332,17.333333333333332,22.0,3
Monday_23_hrs,19,40.710049999999995,-74.00835000000001,24.5,17.5,23.0,2
Tuesday_5_hrs,2,40.64676666666667,-73.7811,24.333333333333332,17.333333333333332,5.0,3
Tuesday_8_hrs,16,40.68495,-73.9636,22.0,17.0,8.0,2
Tuesday_10_hrs,6,40.7724,-73.8691,25.5,17.5,10.0,2
Tuesday_18_hrs,6,40.7386,-73.84934999999999,25.5,17.5,18.0,2
Tuesday_18_hrs,20,40.671,-73.91485,25.5,17.5,18.0,2
Tuesday_18_hrs,2,40.64723333333333,-73.78716666666666,26.666666666666668,17.666666666666668,18.0,3
Tuesday_23_hrs,7,40.715450000000004,-73.96205,25.5,17.5,23.0,2
Wednesday_0_hrs,0,40.7557,-73.9814,25.333333333333332,17.333333333333332,0.0,3
Wednesday_2_hrs,9,40.743900000000004,-73.99186666666667,23.0,17.0,2.0,3
Wednesday_7_hrs,4,40.62135,-73.95505,23.0,17.0,7.0,2
Wednesday_7_hrs,0,40.757,-73.9693,27.666666666666668,17.666666666666668,7.0,6
Wednesday_8_hrs,12,40.8102,-73.95214999999999,23.0,17.0,8.0,2
Wednesday_14_hrs,16,40.673500000000004,-73.9864,23.0,17.0,14.0,2
Wednesday_23_hrs,5,40.717600000000004,-74.2182,26.5,17.5,23.0,2
Thursday_5_hrs,13,40.786699999999996,-73.96096666666666,24.0,17.0,5.0,3
Thursday_10_hrs,16,40.69385,-73.98904999999999,24.0,17.0,10.0,2
Thursday_12_hrs,3,40.8593,-73.88045,24.0,17.0,12.0,2
Thursday_15_hrs,4,40.62083333333333,-73.98776666666667,24.0,17.0,15.0,3
Thursday_18_hrs,16,40.6729,-73.9801,24.0,17.0,18.0,2
Friday_5_hrs,19,40.70785,-74.0064,25.0,17.0,5.0,2
Friday_6_hrs,2,40.6449,-73.7822,25.0,17.0,6.0,2
Friday_22_hrs,6,40.77265,-73.8694,25.0,17.0,22.0,2
Saturday_4_hrs,1,40.73135,-73.9924,26.0,17.0,4.0,2
Saturday_8_hrs,10,40.76095,-73.98665,26.0,17.0,8.0,2
Saturday_8_hrs,12,40.80186666666666,-73.95893333333333,26.0,17.0,8.0,3
Saturday_9_hrs,12,40.807950000000005,-73.94705,26.0,17.0,9.0,2
Saturday_10_hrs,10,40.772949999999994,-73.9927,26.0,17.0,10.0,2
Saturday_13_hrs,10,40.759100000000004,-73.9999,26.0,17.0,13.0,2
Saturday_16_hrs,2,40.65435,-73.79645,26.0,17.0,16.0,2
Sunday_2_hrs,20,40.68215,-73.939,27.0,17.0,2.0,2
Sunday_6_hrs,7,40.71705,-73.94085,27.0,17.0,6.0,2
Sunday_8_hrs,19,40.71365,-74.01294999999999,27.0,17.0,8.0,2
Sunday_10_hrs,1,40.729899999999994,-73.99713333333334,27.0,17.0,10.0,3
Sunday_10_hrs,6,40.739900000000006,-73.8533,27.0,17.0,10.0,2
Sunday_14_hrs,12,40.80445,-73.95345,27.0,17.0,14.0,2
Sunday_20_hrs,10,40.76243333333333,-73.9853,27.0,17.0,20.0,3
Sunday_21_hrs,3,40.8652,-73.86435,27.0,17.0,21.0,2
Monday_4_hrs,0,40.74885,-73.97975,28.0,18.0,4.0,2
Monday_13_hrs,4,40.6038,-73.96515,28.0,18.0,13.0,2
Monday_13_hrs,7,40.71135,-73.95054999999999,28.0,18.0,13.0,2
Monday_23_hrs,0,40.75845,-73.9764,28.0,18.0,23.0,2
Tuesday_7_hrs,19,40.71035,-74.01095000000001,29.0,18.0,7.0,2
Tuesday_16_hrs,2,40.64575,-73.7858,29.0,18.0,16.0,2
